2026-07-16T16:38:19.809929Z  INFO herdr::platform::macos: raised server file descriptor soft limit previous=256 target=8192
2026-07-16T16:38:19.810363Z  INFO herdr::api::server: api server listening path=/Users/ali/.config/herdr/herdr.sock
2026-07-16T16:38:19.811114Z  INFO herdr::app: using pane scrollback configuration pane_scrollback_limit_bytes=10000000
2026-07-16T16:38:19.829845Z  INFO herdr::logging: checking for updates event="update.check.start" subsystem="update" outcome="started"
2026-07-16T16:38:19.842714Z  INFO herdr::logging: spawning pane terminal event="pane.spawn.start" subsystem="pane" outcome="started" pane_id=1 rows=24 cols=80 scrollback_limit_bytes=10000000
2026-07-16T16:38:19.846563Z  INFO herdr::logging: pane child spawned event="pane.spawned" subsystem="pane" outcome="ok" pane_id=1 pid=48841
2026-07-16T16:38:19.847489Z  INFO herdr::logging: workspace created event="workspace.create" subsystem="workspace" outcome="ok" workspace_id="w1" pane_id=1
2026-07-16T16:38:19.847516Z  INFO herdr::logging: workspace focused event="workspace.focus" subsystem="workspace" outcome="ok" workspace_id="w1"
2026-07-16T16:38:19.847578Z  INFO herdr::logging: tab focused event="tab.focus" subsystem="tab" outcome="ok" workspace_id="w1" tab_id="w1:t1"
2026-07-16T16:38:19.847612Z  INFO herdr::server::headless: created startup workspace cwd=/Users/ali/Downloads/MyMac/Projects/Artesh-solo/news-net/backend-mock/rag-legal
2026-07-16T16:38:19.847774Z  INFO herdr::server::headless: client protocol socket listening path=/Users/ali/.config/herdr/herdr-client.sock
2026-07-16T16:38:19.847823Z  INFO herdr::server::headless: herdr server started api_socket=/Users/ali/.config/herdr/herdr.sock client_socket=/Users/ali/.config/herdr/herdr-client.sock
2026-07-16T16:38:19.847844Z  INFO herdr::logging: herdr starting event="app.startup" subsystem="server" outcome="started" pid=48808
2026-07-16T16:38:19.932938Z  INFO herdr::server::headless: client connected client_id=2 cols=118 rows=61 cell_width_px=0 cell_height_px=0 render_encoding=SemanticFrame
2026-07-16T16:38:24.853167Z  INFO herdr::logging: session saved event="persist.save" subsystem="persist" outcome="ok" path=/Users/ali/.config/herdr/session.json workspaces=1
2026-07-16T16:38:27.626408Z  INFO herdr::server::headless: client resize client_id=2 cols=146 rows=61 cell_width_px=0 cell_height_px=0
2026-07-16T16:38:27.730517Z  INFO herdr::server::headless: client resize client_id=2 cols=169 rows=61 cell_width_px=0 cell_height_px=0
2026-07-16T17:08:19.841441Z  INFO herdr::logging: checking for updates event="update.check.start" subsystem="update" outcome="started"
2026-07-16T17:38:19.857530Z  INFO herdr::logging: checking for updates event="update.check.start" subsystem="update" outcome="started"
2026-07-16T18:08:24.556306Z  INFO herdr::logging: checking for updates event="update.check.start" subsystem="update" outcome="started"
2026-07-16T18:29:05.720651Z  INFO herdr::server::headless: client resize client_id=2 cols=169 rows=59 cell_width_px=0 cell_height_px=0
2026-07-16T18:31:29.301545Z  INFO herdr::server::headless: client resize client_id=2 cols=169 rows=61 cell_width_px=0 cell_height_px=0
2026-07-16T18:31:31.186685Z  INFO herdr::server::headless: client resize client_id=2 cols=169 rows=59 cell_width_px=0 cell_height_px=0
2026-07-16T18:33:31.449836Z  INFO herdr::server::headless: client resize client_id=2 cols=169 rows=61 cell_width_px=0 cell_height_px=0
2026-07-16T18:38:24.568282Z  INFO herdr::logging: checking for updates event="update.check.start" subsystem="update" outcome="started"
2026-07-16T18:38:52.909125Z  WARN herdr::detect::manifest_update: agent detection manifest update failed for agent agent="opencode" error=fetch failed: failed to fetch https://herdr.dev/agent-detection/opencode.toml
2026-07-16T19:08:24.531908Z  INFO herdr::logging: checking for updates event="update.check.start" subsystem="update" outcome="started"
2026-07-16T19:38:24.533190Z  INFO herdr::logging: checking for updates event="update.check.start" subsystem="update" outcome="started"
2026-07-16T20:00:35.688996Z  INFO herdr::server::headless: client disconnected client_id=2
2026-07-16T20:08:24.517776Z  INFO herdr::logging: checking for updates event="update.check.start" subsystem="update" outcome="started"
2026-07-16T20:08:54.334141Z  WARN herdr::detect::manifest_update: agent detection manifest update failed for agent agent="codex" error=TOML parse error at line 56, column 68
   |
56 |   { contains = ["would you like to"], any = [{ contains = ["yes"] }id = "codex"
   |                                                                    ^
invalid array
expected `]`

2026-07-16T20:38:24.531705Z  INFO herdr::logging: checking for updates event="update.check.start" subsystem="update" outcome="started"
2026-07-16T21:08:24.535884Z  INFO herdr::logging: checking for updates event="update.check.start" subsystem="update" outcome="started"
2026-07-16T21:38:24.565789Z  INFO herdr::logging: checking for updates event="update.check.start" subsystem="update" outcome="started"
2026-07-17T03:01:57.984378Z  INFO herdr::logging: checking for updates event="update.check.start" subsystem="update" outcome="started"
2026-07-17T05:04:35.935505Z  INFO herdr::server::headless: client connected client_id=4 cols=169 rows=61 cell_width_px=0 cell_height_px=0 render_encoding=SemanticFrame
2026-07-17T05:04:55.221147Z  INFO herdr::server::headless: client disconnected client_id=4
2026-07-17T05:18:28.823181Z  INFO herdr::server::headless: client connected client_id=6 cols=169 rows=61 cell_width_px=0 cell_height_px=0 render_encoding=SemanticFrame
2026-07-17T05:18:55.577452Z  INFO herdr::logging: workspace closed event="workspace.close" subsystem="workspace" outcome="ok" workspace_id="w1"
2026-07-17T05:18:55.596808Z  INFO herdr::logging: pane child exited event="pane.exit" subsystem="pane" outcome="completed" pane_id=1 status="ExitStatus { code: 1, signal: None }"
2026-07-17T05:18:55.606142Z  INFO herdr::pane: pane session terminated pane=1 pid=48841 signal=Hangup
2026-07-17T05:18:55.607086Z  WARN herdr::app::actions: PaneDied for unknown pane pane=1
2026-07-17T05:18:55.607812Z  INFO herdr::logging: spawning pane terminal event="pane.spawn.start" subsystem="pane" outcome="started" pane_id=2 rows=60 cols=143 scrollback_limit_bytes=10000000
2026-07-17T05:18:55.616313Z  INFO herdr::logging: pane child spawned event="pane.spawned" subsystem="pane" outcome="ok" pane_id=2 pid=78675
2026-07-17T05:18:55.617409Z  INFO herdr::logging: workspace created event="workspace.create" subsystem="workspace" outcome="ok" workspace_id="w2" pane_id=2
2026-07-17T05:18:55.617455Z  INFO herdr::logging: workspace focused event="workspace.focus" subsystem="workspace" outcome="ok" workspace_id="w2"
2026-07-17T05:18:55.617572Z  INFO herdr::logging: tab focused event="tab.focus" subsystem="tab" outcome="ok" workspace_id="w2" tab_id="w2:t1"
2026-07-17T05:19:00.628452Z  INFO herdr::logging: session saved event="persist.save" subsystem="persist" outcome="ok" path=/Users/ali/.config/herdr/session.json workspaces=1
2026-07-17T05:29:59.617037Z  INFO herdr::logging: checking for updates event="update.check.start" subsystem="update" outcome="started"
2026-07-17T05:34:23.515559Z  INFO herdr::logging: spawning pane terminal event="pane.spawn.start" subsystem="pane" outcome="started" pane_id=3 rows=60 cols=143 scrollback_limit_bytes=10000000
2026-07-17T05:34:23.527779Z  INFO herdr::logging: pane child spawned event="pane.spawned" subsystem="pane" outcome="ok" pane_id=3 pid=79723
2026-07-17T05:34:23.528541Z  INFO herdr::logging: tab focused event="tab.focus" subsystem="tab" outcome="ok" workspace_id="w2" tab_id="w2:t2"
2026-07-17T05:34:25.639627Z  INFO herdr::logging: tab focused event="tab.focus" subsystem="tab" outcome="ok" workspace_id="w2" tab_id="w2:t1"
2026-07-17T05:34:26.613077Z  INFO herdr::logging: tab focused event="tab.focus" subsystem="tab" outcome="ok" workspace_id="w2" tab_id="w2:t2"
2026-07-17T05:34:31.617734Z  INFO herdr::logging: session saved event="persist.save" subsystem="persist" outcome="ok" path=/Users/ali/.config/herdr/session.json workspaces=1
2026-07-17T05:34:35.112202Z  INFO herdr::logging: tab focused event="tab.focus" subsystem="tab" outcome="ok" workspace_id="w2" tab_id="w2:t1"
2026-07-17T05:34:36.270439Z  INFO herdr::logging: tab focused event="tab.focus" subsystem="tab" outcome="ok" workspace_id="w2" tab_id="w2:t2"
2026-07-17T05:34:38.904385Z  INFO herdr::logging: tab focused event="tab.focus" subsystem="tab" outcome="ok" workspace_id="w2" tab_id="w2:t1"
2026-07-17T05:34:43.908993Z  INFO herdr::logging: session saved event="persist.save" subsystem="persist" outcome="ok" path=/Users/ali/.config/herdr/session.json workspaces=1
2026-07-17T05:59:59.634680Z  INFO herdr::logging: checking for updates event="update.check.start" subsystem="update" outcome="started"
2026-07-17T06:29:59.651689Z  INFO herdr::logging: checking for updates event="update.check.start" subsystem="update" outcome="started"
2026-07-17T06:59:59.667191Z  INFO herdr::logging: checking for updates event="update.check.start" subsystem="update" outcome="started"
2026-07-17T07:27:11.205162Z  INFO herdr::logging: tab focused event="tab.focus" subsystem="tab" outcome="ok" workspace_id="w2" tab_id="w2:t2"
2026-07-17T07:27:12.477408Z  INFO herdr::logging: tab focused event="tab.focus" subsystem="tab" outcome="ok" workspace_id="w2" tab_id="w2:t1"
2026-07-17T07:27:17.460575Z  INFO herdr::logging: tab focused event="tab.focus" subsystem="tab" outcome="ok" workspace_id="w2" tab_id="w2:t2"
2026-07-17T07:27:22.474725Z  INFO herdr::logging: session saved event="persist.save" subsystem="persist" outcome="ok" path=/Users/ali/.config/herdr/session.json workspaces=1
2026-07-17T07:29:59.681305Z  INFO herdr::logging: checking for updates event="update.check.start" subsystem="update" outcome="started"
2026-07-17T07:59:59.699930Z  INFO herdr::logging: checking for updates event="update.check.start" subsystem="update" outcome="started"
2026-07-17T08:29:59.706981Z  INFO herdr::logging: checking for updates event="update.check.start" subsystem="update" outcome="started"
2026-07-17T08:59:59.721183Z  INFO herdr::logging: checking for updates event="update.check.start" subsystem="update" outcome="started"
2026-07-17T09:29:59.732223Z  INFO herdr::logging: checking for updates event="update.check.start" subsystem="update" outcome="started"
2026-07-17T09:30:17.872011Z  WARN herdr::detect::manifest_update: agent detection manifest update failed: failed to fetch https://herdr.dev/agent-detection/index.toml
2026-07-17T09:30:17.872011Z  WARN herdr::logging: update check failed event="update.check.complete" subsystem="update" outcome="error" err="failed to fetch Homebrew formula JSON"
2026-07-17T09:48:36.043060Z  INFO herdr::logging: spawning pane terminal event="pane.spawn.start" subsystem="pane" outcome="started" pane_id=4 rows=60 cols=143 scrollback_limit_bytes=10000000
2026-07-17T09:48:36.060348Z  INFO herdr::logging: pane child spawned event="pane.spawned" subsystem="pane" outcome="ok" pane_id=4 pid=49161
2026-07-17T09:48:36.066488Z  INFO herdr::logging: workspace created event="workspace.create" subsystem="workspace" outcome="ok" workspace_id="w3" pane_id=4
2026-07-17T09:48:36.066566Z  INFO herdr::logging: workspace focused event="workspace.focus" subsystem="workspace" outcome="ok" workspace_id="w3"
2026-07-17T09:48:36.067326Z  INFO herdr::logging: tab focused event="tab.focus" subsystem="tab" outcome="ok" workspace_id="w3" tab_id="w3:t1"
2026-07-17T09:48:37.569339Z  INFO herdr::logging: workspace focused event="workspace.focus" subsystem="workspace" outcome="ok" workspace_id="w2"
2026-07-17T09:48:37.570066Z  INFO herdr::logging: tab focused event="tab.focus" subsystem="tab" outcome="ok" workspace_id="w2" tab_id="w2:t2"
2026-07-17T09:48:38.445060Z  INFO herdr::logging: workspace focused event="workspace.focus" subsystem="workspace" outcome="ok" workspace_id="w3"
2026-07-17T09:48:38.447414Z  INFO herdr::logging: tab focused event="tab.focus" subsystem="tab" outcome="ok" workspace_id="w3" tab_id="w3:t1"
2026-07-17T09:48:39.184558Z  INFO herdr::logging: workspace focused event="workspace.focus" subsystem="workspace" outcome="ok" workspace_id="w2"
2026-07-17T09:48:39.185215Z  INFO herdr::logging: tab focused event="tab.focus" subsystem="tab" outcome="ok" workspace_id="w2" tab_id="w2:t2"
2026-07-17T09:48:44.189937Z  INFO herdr::logging: session saved event="persist.save" subsystem="persist" outcome="ok" path=/Users/ali/.config/herdr/session.json workspaces=2
2026-07-17T09:59:59.735306Z  INFO herdr::logging: checking for updates event="update.check.start" subsystem="update" outcome="started"
2026-07-17T10:00:17.817800Z  WARN herdr::detect::manifest_update: agent detection manifest update failed: failed to fetch https://herdr.dev/agent-detection/index.toml
2026-07-17T10:00:17.827757Z  WARN herdr::logging: update check failed event="update.check.complete" subsystem="update" outcome="error" err="failed to fetch Homebrew formula JSON"
2026-07-17T10:00:48.924706Z  INFO herdr::server::headless: client disconnected client_id=6
2026-07-17T10:29:59.748072Z  INFO herdr::logging: checking for updates event="update.check.start" subsystem="update" outcome="started"
2026-07-17T11:41:24.570681Z  INFO herdr::logging: checking for updates event="update.check.start" subsystem="update" outcome="started"
2026-07-17T12:11:24.578214Z  INFO herdr::logging: checking for updates event="update.check.start" subsystem="update" outcome="started"
2026-07-17T12:50:45.931130Z  INFO herdr::logging: checking for updates event="update.check.start" subsystem="update" outcome="started"
2026-07-17T13:53:56.853873Z  INFO herdr::logging: checking for updates event="update.check.start" subsystem="update" outcome="started"
2026-07-17T14:46:34.762932Z  INFO herdr::logging: checking for updates event="update.check.start" subsystem="update" outcome="started"
2026-07-17T15:34:36.306664Z  INFO herdr::logging: checking for updates event="update.check.start" subsystem="update" outcome="started"
2026-07-17T16:10:39.848503Z  INFO herdr::logging: checking for updates event="update.check.start" subsystem="update" outcome="started"
2026-07-17T16:40:39.852318Z  INFO herdr::logging: checking for updates event="update.check.start" subsystem="update" outcome="started"
2026-07-17T17:10:39.866294Z  INFO herdr::logging: checking for updates event="update.check.start" subsystem="update" outcome="started"
2026-07-17T18:12:11.435358Z  INFO herdr::logging: checking for updates event="update.check.start" subsystem="update" outcome="started"
2026-07-17T18:57:40.330072Z  INFO herdr::logging: checking for updates event="update.check.start" subsystem="update" outcome="started"
2026-07-17T19:40:36.084874Z  INFO herdr::logging: checking for updates event="update.check.start" subsystem="update" outcome="started"
2026-07-17T20:10:36.102215Z  INFO herdr::logging: checking for updates event="update.check.start" subsystem="update" outcome="started"
2026-07-18T00:45:02.749320Z  INFO herdr::logging: checking for updates event="update.check.start" subsystem="update" outcome="started"
2026-07-18T04:17:12.686294Z  INFO herdr::logging: checking for updates event="update.check.start" subsystem="update" outcome="started"
2026-07-18T04:47:12.686914Z  INFO herdr::logging: checking for updates event="update.check.start" subsystem="update" outcome="started"
2026-07-18T05:17:12.694409Z  INFO herdr::logging: checking for updates event="update.check.start" subsystem="update" outcome="started"
2026-07-18T05:47:12.710010Z  INFO herdr::logging: checking for updates event="update.check.start" subsystem="update" outcome="started"
2026-07-18T06:17:12.713219Z  INFO herdr::logging: checking for updates event="update.check.start" subsystem="update" outcome="started"
2026-07-18T06:47:12.725407Z  INFO herdr::logging: checking for updates event="update.check.start" subsystem="update" outcome="started"
2026-07-18T07:31:50.853771Z  INFO herdr::logging: checking for updates event="update.check.start" subsystem="update" outcome="started"
2026-07-18T08:01:50.855788Z  INFO herdr::logging: checking for updates event="update.check.start" subsystem="update" outcome="started"
2026-07-18T08:31:50.868210Z  INFO herdr::logging: checking for updates event="update.check.start" subsystem="update" outcome="started"
2026-07-18T09:01:50.874135Z  INFO herdr::logging: checking for updates event="update.check.start" subsystem="update" outcome="started"
2026-07-18T09:02:08.984486Z  WARN herdr::detect::manifest_update: agent detection manifest update failed: failed to fetch https://herdr.dev/agent-detection/index.toml
2026-07-18T09:36:32.080802Z  INFO herdr::logging: checking for updates event="update.check.start" subsystem="update" outcome="started"
2026-07-18T11:01:22.651048Z  INFO herdr::logging: checking for updates event="update.check.start" subsystem="update" outcome="started"
2026-07-18T11:31:22.653943Z  INFO herdr::logging: checking for updates event="update.check.start" subsystem="update" outcome="started"
2026-07-18T11:31:40.749907Z  WARN herdr::detect::manifest_update: agent detection manifest update failed: failed to fetch https://herdr.dev/agent-detection/index.toml
2026-07-18T11:31:40.757317Z  WARN herdr::logging: update check failed event="update.check.complete" subsystem="update" outcome="error" err="failed to fetch Homebrew formula JSON"
2026-07-18T12:01:22.663844Z  INFO herdr::logging: checking for updates event="update.check.start" subsystem="update" outcome="started"
2026-07-18T12:02:04.166436Z  WARN herdr::detect::manifest_update: agent detection manifest update failed for agent agent="kiro" error=fetch failed: failed to fetch https://herdr.dev/agent-detection/kiro.toml
2026-07-18T12:31:22.675004Z  INFO herdr::logging: checking for updates event="update.check.start" subsystem="update" outcome="started"
2026-07-18T12:36:55.261979Z  INFO herdr::server::headless: client connected client_id=8 cols=169 rows=59 cell_width_px=0 cell_height_px=0 render_encoding=SemanticFrame
2026-07-18T13:01:22.677955Z  INFO herdr::logging: checking for updates event="update.check.start" subsystem="update" outcome="started"
2026-07-18T13:19:18.304755Z  INFO herdr::server::headless: client disconnected client_id=8
2026-07-18T13:31:22.686153Z  INFO herdr::logging: checking for updates event="update.check.start" subsystem="update" outcome="started"
2026-07-18T13:31:40.788095Z  WARN herdr::detect::manifest_update: agent detection manifest update failed: failed to fetch https://herdr.dev/agent-detection/index.toml
2026-07-18T13:31:40.789152Z  WARN herdr::logging: update check failed event="update.check.complete" subsystem="update" outcome="error" err="failed to fetch Homebrew formula JSON"
2026-07-18T14:01:22.695721Z  INFO herdr::logging: checking for updates event="update.check.start" subsystem="update" outcome="started"
2026-07-18T14:31:22.702224Z  INFO herdr::logging: checking for updates event="update.check.start" subsystem="update" outcome="started"
2026-07-18T15:01:22.712707Z  INFO herdr::logging: checking for updates event="update.check.start" subsystem="update" outcome="started"
2026-07-18T16:54:46.337225Z  INFO herdr::logging: checking for updates event="update.check.start" subsystem="update" outcome="started"
2026-07-18T17:24:46.339312Z  INFO herdr::logging: checking for updates event="update.check.start" subsystem="update" outcome="started"
2026-07-18T17:54:46.347007Z  INFO herdr::logging: checking for updates event="update.check.start" subsystem="update" outcome="started"
2026-07-18T18:24:46.352856Z  INFO herdr::logging: checking for updates event="update.check.start" subsystem="update" outcome="started"
2026-07-18T18:54:46.366549Z  INFO herdr::logging: checking for updates event="update.check.start" subsystem="update" outcome="started"
2026-07-18T19:33:31.213478Z  INFO herdr::logging: checking for updates event="update.check.start" subsystem="update" outcome="started"
2026-07-18T20:03:31.223799Z  INFO herdr::logging: checking for updates event="update.check.start" subsystem="update" outcome="started"
2026-07-18T20:13:01.536318Z  INFO herdr::server::headless: client connected client_id=10 cols=169 rows=59 cell_width_px=0 cell_height_px=0 render_encoding=SemanticFrame
2026-07-18T20:13:03.678193Z  INFO herdr::logging: tab focused event="tab.focus" subsystem="tab" outcome="ok" workspace_id="w2" tab_id="w2:t1"
2026-07-18T20:13:08.783849Z  INFO herdr::logging: session saved event="persist.save" subsystem="persist" outcome="ok" path=/Users/ali/.config/herdr/session.json workspaces=2
2026-07-18T20:13:08.872998Z  INFO herdr::logging: workspace focused event="workspace.focus" subsystem="workspace" outcome="ok" workspace_id="w3"
2026-07-18T20:13:08.873389Z  INFO herdr::logging: tab focused event="tab.focus" subsystem="tab" outcome="ok" workspace_id="w3" tab_id="w3:t1"
2026-07-18T20:13:09.737770Z  INFO herdr::logging: workspace focused event="workspace.focus" subsystem="workspace" outcome="ok" workspace_id="w2"
2026-07-18T20:13:09.738237Z  INFO herdr::logging: tab focused event="tab.focus" subsystem="tab" outcome="ok" workspace_id="w2" tab_id="w2:t1"
2026-07-18T20:13:14.776019Z  INFO herdr::logging: session saved event="persist.save" subsystem="persist" outcome="ok" path=/Users/ali/.config/herdr/session.json workspaces=2
2026-07-18T20:33:31.216211Z  INFO herdr::logging: checking for updates event="update.check.start" subsystem="update" outcome="started"
2026-07-18T20:33:49.317299Z  WARN herdr::detect::manifest_update: agent detection manifest update failed: failed to fetch https://herdr.dev/agent-detection/index.toml
2026-07-18T20:33:49.320684Z  WARN herdr::logging: update check failed event="update.check.complete" subsystem="update" outcome="error" err="failed to fetch Homebrew formula JSON"
2026-07-18T20:51:59.329221Z  INFO herdr::logging: tab focused event="tab.focus" subsystem="tab" outcome="ok" workspace_id="w2" tab_id="w2:t2"
2026-07-18T20:52:04.355475Z  INFO herdr::logging: session saved event="persist.save" subsystem="persist" outcome="ok" path=/Users/ali/.config/herdr/session.json workspaces=2
2026-07-18T21:06:29.773233Z  INFO herdr::logging: checking for updates event="update.check.start" subsystem="update" outcome="started"
2026-07-18T21:06:47.891123Z  WARN herdr::logging: update check failed event="update.check.complete" subsystem="update" outcome="error" err="failed to fetch Homebrew formula JSON"
2026-07-18T21:06:47.895139Z  WARN herdr::detect::manifest_update: agent detection manifest update failed: failed to fetch https://herdr.dev/agent-detection/index.toml
2026-07-18T21:51:32.510721Z  INFO herdr::logging: checking for updates event="update.check.start" subsystem="update" outcome="started"
2026-07-18T22:21:32.522501Z  INFO herdr::logging: checking for updates event="update.check.start" subsystem="update" outcome="started"
2026-07-18T22:51:32.537091Z  INFO herdr::logging: checking for updates event="update.check.start" subsystem="update" outcome="started"
2026-07-18T23:21:32.548692Z  INFO herdr::logging: checking for updates event="update.check.start" subsystem="update" outcome="started"
2026-07-18T23:51:32.555026Z  INFO herdr::logging: checking for updates event="update.check.start" subsystem="update" outcome="started"
2026-07-19T00:21:32.560420Z  INFO herdr::logging: checking for updates event="update.check.start" subsystem="update" outcome="started"
2026-07-19T00:51:32.570819Z  INFO herdr::logging: checking for updates event="update.check.start" subsystem="update" outcome="started"
2026-07-19T01:21:32.583594Z  INFO herdr::logging: checking for updates event="update.check.start" subsystem="update" outcome="started"
2026-07-19T01:51:32.596841Z  INFO herdr::logging: checking for updates event="update.check.start" subsystem="update" outcome="started"
2026-07-19T02:21:32.606154Z  INFO herdr::logging: checking for updates event="update.check.start" subsystem="update" outcome="started"
2026-07-19T02:51:32.622953Z  INFO herdr::logging: checking for updates event="update.check.start" subsystem="update" outcome="started"
2026-07-19T02:51:44.388997Z  WARN herdr::detect::manifest_update: agent detection manifest update failed for agent agent="cursor" error=fetch failed: failed to fetch https://herdr.dev/agent-detection/cursor.toml
2026-07-19T03:21:32.631268Z  INFO herdr::logging: checking for updates event="update.check.start" subsystem="update" outcome="started"
2026-07-19T03:51:32.641837Z  INFO herdr::logging: checking for updates event="update.check.start" subsystem="update" outcome="started"
2026-07-19T04:21:32.654495Z  INFO herdr::logging: checking for updates event="update.check.start" subsystem="update" outcome="started"
2026-07-19T04:51:32.659330Z  INFO herdr::logging: checking for updates event="update.check.start" subsystem="update" outcome="started"
2026-07-19T05:21:32.669762Z  INFO herdr::logging: checking for updates event="update.check.start" subsystem="update" outcome="started"
2026-07-19T05:24:31.748308Z  INFO herdr::logging: tab focused event="tab.focus" subsystem="tab" outcome="ok" workspace_id="w2" tab_id="w2:t1"
2026-07-19T05:24:36.780765Z  INFO herdr::logging: session saved event="persist.save" subsystem="persist" outcome="ok" path=/Users/ali/.config/herdr/session.json workspaces=2
2026-07-19T05:51:32.678112Z  INFO herdr::logging: checking for updates event="update.check.start" subsystem="update" outcome="started"
2026-07-19T06:55:16.981855Z  INFO herdr::logging: checking for updates event="update.check.start" subsystem="update" outcome="started"
2026-07-19T06:55:21.070835Z  WARN herdr::logging: update check failed event="update.check.complete" subsystem="update" outcome="error" err="failed to fetch Homebrew formula JSON"
2026-07-19T06:55:35.079967Z  WARN herdr::detect::manifest_update: agent detection manifest update failed: failed to fetch https://herdr.dev/agent-detection/index.toml
2026-07-19T07:25:16.992592Z  INFO herdr::logging: checking for updates event="update.check.start" subsystem="update" outcome="started"
2026-07-19T07:25:35.090633Z  WARN herdr::detect::manifest_update: agent detection manifest update failed: failed to fetch https://herdr.dev/agent-detection/index.toml
2026-07-19T07:25:35.092921Z  WARN herdr::logging: update check failed event="update.check.complete" subsystem="update" outcome="error" err="failed to fetch Homebrew formula JSON"
2026-07-19T07:55:17.005073Z  INFO herdr::logging: checking for updates event="update.check.start" subsystem="update" outcome="started"
2026-07-19T07:55:35.088718Z  WARN herdr::logging: update check failed event="update.check.complete" subsystem="update" outcome="error" err="failed to fetch Homebrew formula JSON"
2026-07-19T07:55:35.088927Z  WARN herdr::detect::manifest_update: agent detection manifest update failed: failed to fetch https://herdr.dev/agent-detection/index.toml
2026-07-19T08:25:17.019584Z  INFO herdr::logging: checking for updates event="update.check.start" subsystem="update" outcome="started"
2026-07-19T08:25:35.106796Z  WARN herdr::detect::manifest_update: agent detection manifest update failed: failed to fetch https://herdr.dev/agent-detection/index.toml
2026-07-19T08:25:35.113564Z  WARN herdr::logging: update check failed event="update.check.complete" subsystem="update" outcome="error" err="failed to fetch Homebrew formula JSON"
2026-07-19T09:35:42.769262Z  INFO herdr::logging: checking for updates event="update.check.start" subsystem="update" outcome="started"
2026-07-19T12:34:57.758006Z  INFO herdr::logging: checking for updates event="update.check.start" subsystem="update" outcome="started"
2026-07-19T13:04:57.765345Z  INFO herdr::logging: checking for updates event="update.check.start" subsystem="update" outcome="started"
2026-07-19T13:07:41.646516Z  INFO herdr::logging: tab focused event="tab.focus" subsystem="tab" outcome="ok" workspace_id="w2" tab_id="w2:t2"
2026-07-19T13:07:46.674728Z  INFO herdr::logging: session saved event="persist.save" subsystem="persist" outcome="ok" path=/Users/ali/.config/herdr/session.json workspaces=2
2026-07-19T13:09:53.072800Z  INFO herdr::server::headless: client resize client_id=10 cols=169 rows=57 cell_width_px=0 cell_height_px=0
2026-07-19T13:11:05.657996Z  INFO herdr::logging: tab focused event="tab.focus" subsystem="tab" outcome="ok" workspace_id="w2" tab_id="w2:t1"
2026-07-19T13:11:08.206438Z  INFO herdr::logging: tab focused event="tab.focus" subsystem="tab" outcome="ok" workspace_id="w2" tab_id="w2:t2"
2026-07-19T13:11:08.831545Z  INFO herdr::logging: workspace focused event="workspace.focus" subsystem="workspace" outcome="ok" workspace_id="w3"
2026-07-19T13:11:08.831834Z  INFO herdr::logging: tab focused event="tab.focus" subsystem="tab" outcome="ok" workspace_id="w3" tab_id="w3:t1"
2026-07-19T13:11:09.639571Z  INFO herdr::logging: workspace focused event="workspace.focus" subsystem="workspace" outcome="ok" workspace_id="w2"
2026-07-19T13:11:09.639883Z  INFO herdr::logging: tab focused event="tab.focus" subsystem="tab" outcome="ok" workspace_id="w2" tab_id="w2:t2"
2026-07-19T13:11:14.649305Z  INFO herdr::logging: session saved event="persist.save" subsystem="persist" outcome="ok" path=/Users/ali/.config/herdr/session.json workspaces=2
2026-07-19T13:34:57.769209Z  INFO herdr::logging: checking for updates event="update.check.start" subsystem="update" outcome="started"
2026-07-19T13:36:13.772444Z  INFO herdr::logging: tab focused event="tab.focus" subsystem="tab" outcome="ok" workspace_id="w2" tab_id="w2:t1"
2026-07-19T13:36:18.800456Z  INFO herdr::logging: session saved event="persist.save" subsystem="persist" outcome="ok" path=/Users/ali/.config/herdr/session.json workspaces=2
2026-07-19T14:04:57.778427Z  INFO herdr::logging: checking for updates event="update.check.start" subsystem="update" outcome="started"
2026-07-19T14:51:15.039619Z  INFO herdr::logging: checking for updates event="update.check.start" subsystem="update" outcome="started"
2026-07-19T14:51:33.108661Z  WARN herdr::logging: update check failed event="update.check.complete" subsystem="update" outcome="error" err="failed to fetch Homebrew formula JSON"
2026-07-19T14:51:33.112926Z  WARN herdr::detect::manifest_update: agent detection manifest update failed: failed to fetch https://herdr.dev/agent-detection/index.toml
2026-07-19T16:25:24.858039Z  INFO herdr::logging: tab focused event="tab.focus" subsystem="tab" outcome="ok" workspace_id="w2" tab_id="w2:t2"
2026-07-19T16:25:26.406395Z  INFO herdr::logging: tab focused event="tab.focus" subsystem="tab" outcome="ok" workspace_id="w2" tab_id="w2:t1"
2026-07-19T16:25:31.444192Z  INFO herdr::logging: session saved event="persist.save" subsystem="persist" outcome="ok" path=/Users/ali/.config/herdr/session.json workspaces=2
2026-07-19T16:29:26.568472Z  INFO herdr::logging: checking for updates event="update.check.start" subsystem="update" outcome="started"
2026-07-19T16:41:42.263815Z  INFO herdr::server::headless: client resize client_id=10 cols=168 rows=59 cell_width_px=0 cell_height_px=0
2026-07-19T16:41:44.690096Z  INFO herdr::logging: workspace focused event="workspace.focus" subsystem="workspace" outcome="ok" workspace_id="w3"
2026-07-19T16:41:44.691320Z  INFO herdr::logging: tab focused event="tab.focus" subsystem="tab" outcome="ok" workspace_id="w3" tab_id="w3:t1"
2026-07-19T16:41:46.232458Z  INFO herdr::logging: workspace focused event="workspace.focus" subsystem="workspace" outcome="ok" workspace_id="w2"
2026-07-19T16:41:46.234236Z  INFO herdr::logging: tab focused event="tab.focus" subsystem="tab" outcome="ok" workspace_id="w2" tab_id="w2:t1"
2026-07-19T16:41:47.305167Z  INFO herdr::logging: tab focused event="tab.focus" subsystem="tab" outcome="ok" workspace_id="w2" tab_id="w2:t2"
2026-07-19T16:41:52.340042Z  INFO herdr::logging: session saved event="persist.save" subsystem="persist" outcome="ok" path=/Users/ali/.config/herdr/session.json workspaces=2
2026-07-19T17:09:09.067791Z  INFO herdr::logging: checking for updates event="update.check.start" subsystem="update" outcome="started"
2026-07-19T17:39:09.079534Z  INFO herdr::logging: checking for updates event="update.check.start" subsystem="update" outcome="started"
2026-07-19T18:09:09.086696Z  INFO herdr::logging: checking for updates event="update.check.start" subsystem="update" outcome="started"
2026-07-19T18:39:09.100009Z  INFO herdr::logging: checking for updates event="update.check.start" subsystem="update" outcome="started"
2026-07-19T19:09:09.104584Z  INFO herdr::logging: checking for updates event="update.check.start" subsystem="update" outcome="started"
2026-07-19T20:03:53.518723Z  INFO herdr::logging: checking for updates event="update.check.start" subsystem="update" outcome="started"
2026-07-19T20:33:53.535253Z  INFO herdr::logging: checking for updates event="update.check.start" subsystem="update" outcome="started"
2026-07-19T21:19:19.376450Z  INFO herdr::logging: checking for updates event="update.check.start" subsystem="update" outcome="started"
2026-07-19T21:49:19.386008Z  INFO herdr::logging: checking for updates event="update.check.start" subsystem="update" outcome="started"
2026-07-19T22:19:19.391233Z  INFO herdr::logging: checking for updates event="update.check.start" subsystem="update" outcome="started"
2026-07-19T22:49:19.402921Z  INFO herdr::logging: checking for updates event="update.check.start" subsystem="update" outcome="started"
2026-07-19T22:53:13.093174Z  INFO herdr::server::headless: client resize client_id=10 cols=169 rows=57 cell_width_px=0 cell_height_px=0
2026-07-20T07:02:33.020432Z  INFO herdr::server::headless: client resize client_id=10 cols=168 rows=59 cell_width_px=0 cell_height_px=0
2026-07-20T07:17:38.581234Z  INFO herdr::logging: checking for updates event="update.check.start" subsystem="update" outcome="started"
2026-07-20T07:57:51.176195Z  INFO herdr::logging: checking for updates event="update.check.start" subsystem="update" outcome="started"
2026-07-20T08:27:51.182960Z  INFO herdr::logging: checking for updates event="update.check.start" subsystem="update" outcome="started"
2026-07-20T08:57:51.192796Z  INFO herdr::logging: checking for updates event="update.check.start" subsystem="update" outcome="started"
2026-07-20T10:21:32.374189Z  INFO herdr::logging: checking for updates event="update.check.start" subsystem="update" outcome="started"
2026-07-20T11:07:19.326333Z  INFO herdr::logging: checking for updates event="update.check.start" subsystem="update" outcome="started"
2026-07-20T11:37:19.332548Z  INFO herdr::logging: checking for updates event="update.check.start" subsystem="update" outcome="started"
2026-07-20T12:07:19.341899Z  INFO herdr::logging: checking for updates event="update.check.start" subsystem="update" outcome="started"
2026-07-20T12:40:58.668701Z  INFO herdr::logging: checking for updates event="update.check.start" subsystem="update" outcome="started"
2026-07-20T13:10:58.681425Z  INFO herdr::logging: checking for updates event="update.check.start" subsystem="update" outcome="started"
2026-07-20T13:40:58.690219Z  INFO herdr::logging: checking for updates event="update.check.start" subsystem="update" outcome="started"
2026-07-20T14:10:58.705736Z  INFO herdr::logging: checking for updates event="update.check.start" subsystem="update" outcome="started"
2026-07-20T14:40:58.711533Z  INFO herdr::logging: checking for updates event="update.check.start" subsystem="update" outcome="started"
2026-07-20T15:10:58.720810Z  INFO herdr::logging: checking for updates event="update.check.start" subsystem="update" outcome="started"
2026-07-20T15:41:02.081958Z  INFO herdr::logging: checking for updates event="update.check.start" subsystem="update" outcome="started"
2026-07-20T16:11:02.072139Z  INFO herdr::logging: checking for updates event="update.check.start" subsystem="update" outcome="started"
2026-07-20T16:57:03.535042Z  INFO herdr::logging: checking for updates event="update.check.start" subsystem="update" outcome="started"
2026-07-20T17:27:03.553902Z  INFO herdr::logging: checking for updates event="update.check.start" subsystem="update" outcome="started"
2026-07-20T17:57:03.499240Z  INFO herdr::logging: checking for updates event="update.check.start" subsystem="update" outcome="started"
2026-07-20T17:57:09.086190Z  WARN herdr::detect::manifest_update: agent detection manifest update failed for agent agent="gemini" error=fetch failed: failed to fetch https://herdr.dev/agent-detection/gemini.toml
2026-07-20T18:27:03.515838Z  INFO herdr::logging: checking for updates event="update.check.start" subsystem="update" outcome="started"
2026-07-20T18:57:03.522220Z  INFO herdr::logging: checking for updates event="update.check.start" subsystem="update" outcome="started"
2026-07-20T18:59:56.718540Z  INFO herdr::server::headless: client disconnected client_id=10
2026-07-20T19:15:47.488124Z  INFO herdr::server::headless: client connected client_id=12 cols=79 rows=24 cell_width_px=0 cell_height_px=0 render_encoding=SemanticFrame
2026-07-20T19:15:58.542058Z  INFO herdr::server::headless: client disconnected client_id=12
2026-07-21T20:02:33.251005Z  INFO herdr::platform::macos: raised server file descriptor soft limit previous=256 target=8192
2026-07-21T20:02:33.252703Z  INFO herdr::api::server: api server listening path=/Users/ali/.config/herdr/herdr.sock
2026-07-21T20:02:33.260559Z  INFO herdr::logging: spawning pane terminal event="pane.spawn.start" subsystem="pane" outcome="started" pane_id=1 rows=24 cols=80 scrollback_limit_bytes=10000000
2026-07-21T20:02:33.272781Z  INFO herdr::logging: pane child spawned event="pane.spawned" subsystem="pane" outcome="ok" pane_id=1 pid=4265
2026-07-21T20:02:33.274186Z  INFO herdr::logging: spawning pane terminal event="pane.spawn.start" subsystem="pane" outcome="started" pane_id=2 rows=24 cols=80 scrollback_limit_bytes=10000000
2026-07-21T20:02:33.276935Z  INFO herdr::logging: pane child spawned event="pane.spawned" subsystem="pane" outcome="ok" pane_id=2 pid=4266
2026-07-21T20:02:33.331491Z  INFO herdr::logging: spawning pane terminal event="pane.spawn.start" subsystem="pane" outcome="started" pane_id=3 rows=24 cols=80 scrollback_limit_bytes=10000000
2026-07-21T20:02:33.333888Z  INFO herdr::logging: pane child spawned event="pane.spawned" subsystem="pane" outcome="ok" pane_id=3 pid=4267
2026-07-21T20:02:33.334200Z  INFO herdr::logging: session restore evaluated event="persist.restore" subsystem="persist" outcome="ok" workspaces=2
2026-07-21T20:02:33.334633Z  INFO herdr::app: using pane scrollback configuration pane_scrollback_limit_bytes=10000000
2026-07-21T20:02:33.375390Z  INFO herdr::logging: checking for updates event="update.check.start" subsystem="update" outcome="started"
2026-07-21T20:02:33.382425Z  INFO herdr::server::headless: restored session already has workspaces; ignoring startup cwd cwd=/Users/ali
2026-07-21T20:02:33.382865Z  INFO herdr::server::headless: client protocol socket listening path=/Users/ali/.config/herdr/herdr-client.sock
2026-07-21T20:02:33.383085Z  INFO herdr::server::headless: herdr server started api_socket=/Users/ali/.config/herdr/herdr.sock client_socket=/Users/ali/.config/herdr/herdr-client.sock
2026-07-21T20:02:33.383109Z  INFO herdr::logging: herdr starting event="app.startup" subsystem="server" outcome="started" pid=4264
2026-07-21T20:02:33.641235Z  INFO herdr::server::headless: client connected client_id=2 cols=168 rows=61 cell_width_px=0 cell_height_px=0 render_encoding=SemanticFrame
2026-07-21T20:02:51.434606Z  WARN herdr::logging: update check failed event="update.check.complete" subsystem="update" outcome="error" err="failed to fetch Homebrew formula JSON"
2026-07-21T20:02:54.092939Z  INFO herdr::server::headless: client resize client_id=2 cols=168 rows=59 cell_width_px=0 cell_height_px=0
2026-07-21T20:32:33.385525Z  INFO herdr::logging: checking for updates event="update.check.start" subsystem="update" outcome="started"
2026-07-21T21:02:33.400501Z  INFO herdr::logging: checking for updates event="update.check.start" subsystem="update" outcome="started"
2026-07-21T21:03:25.690774Z  WARN herdr::detect::manifest_update: agent detection manifest update failed for agent agent="hermes" error=fetch failed: failed to fetch https://herdr.dev/agent-detection/hermes.toml
2026-07-21T21:03:33.453366Z  WARN herdr::detect::manifest_update: agent detection manifest update failed for agent agent="kimi" error=fetch failed: failed to fetch https://herdr.dev/agent-detection/kimi.toml
2026-07-21T21:32:33.410261Z  INFO herdr::logging: checking for updates event="update.check.start" subsystem="update" outcome="started"
2026-07-21T21:32:36.801866Z  INFO herdr::logging: update available event="update.available" subsystem="update" outcome="ok" version="0.7.5"
2026-07-21T21:32:39.391124Z  INFO herdr::update: auto-update check: v0.7.5 available through Homebrew, waiting for explicit install
2026-07-21T22:06:28.147447Z  WARN herdr::detect::manifest_update: agent detection manifest update failed for agent agent="amp" error=fetch failed: failed to fetch https://herdr.dev/agent-detection/amp.toml
2026-07-21T22:06:39.801284Z  WARN herdr::detect::manifest_update: agent detection manifest update failed for agent agent="codex" error=fetch failed: failed to fetch https://herdr.dev/agent-detection/codex.toml
2026-07-21T22:30:22.550077Z  INFO herdr::logging: tab focused event="tab.focus" subsystem="tab" outcome="ok" workspace_id="w2" tab_id="w2:t1"
2026-07-21T22:30:24.304742Z  INFO herdr::logging: tab focused event="tab.focus" subsystem="tab" outcome="ok" workspace_id="w2" tab_id="w2:t2"
2026-07-21T22:30:29.316701Z  INFO herdr::logging: session saved event="persist.save" subsystem="persist" outcome="ok" path=/Users/ali/.config/herdr/session.json workspaces=2
2026-07-21T22:30:34.525251Z  INFO herdr::server::headless: client disconnected client_id=2
2026-07-22T00:41:39.670560Z  WARN herdr::detect::manifest_update: agent detection manifest update failed for agent agent="codex" error=fetch failed: failed to fetch https://herdr.dev/agent-detection/codex.toml
2026-07-22T10:24:27.661956Z  WARN herdr::detect::manifest_update: agent detection manifest update failed: failed to fetch https://herdr.dev/agent-detection/index.toml
2026-07-22T14:46:23.952957Z  WARN herdr::detect::manifest_update: agent detection manifest update failed: failed to fetch https://herdr.dev/agent-detection/index.toml
2026-07-22T22:33:44.825883Z  WARN herdr::detect::manifest_update: agent detection manifest update failed: failed to fetch https://herdr.dev/agent-detection/index.toml
2026-07-22T23:03:52.576980Z  WARN herdr::detect::manifest_update: agent detection manifest update failed for agent agent="amp" error=fetch failed: failed to fetch https://herdr.dev/agent-detection/amp.toml
2026-07-22T23:03:54.583722Z  WARN herdr::detect::manifest_update: agent detection manifest update failed for agent agent="agy" error=fetch failed: failed to fetch https://herdr.dev/agent-detection/antigravity.toml
2026-07-22T23:04:12.661939Z  WARN herdr::detect::manifest_update: agent detection manifest update failed for agent agent="claude" error=fetch failed: failed to fetch https://herdr.dev/agent-detection/claude.toml
2026-07-22T23:04:16.058654Z  WARN herdr::detect::manifest_update: agent detection manifest update failed for agent agent="cline" error=fetch failed: failed to fetch https://herdr.dev/agent-detection/cline.toml
2026-07-22T23:04:18.497495Z  WARN herdr::detect::manifest_update: agent detection manifest update failed for agent agent="codex" error=fetch failed: failed to fetch https://herdr.dev/agent-detection/codex.toml
2026-07-22T23:04:20.848353Z  WARN herdr::detect::manifest_update: agent detection manifest update failed for agent agent="cursor" error=fetch failed: failed to fetch https://herdr.dev/agent-detection/cursor.toml
2026-07-22T23:04:28.504017Z  WARN herdr::detect::manifest_update: agent detection manifest update failed for agent agent="devin" error=fetch failed: failed to fetch https://herdr.dev/agent-detection/devin.toml
2026-07-22T23:04:33.446319Z  WARN herdr::detect::manifest_update: agent detection manifest update failed for agent agent="gemini" error=fetch failed: failed to fetch https://herdr.dev/agent-detection/gemini.toml
2026-07-22T23:04:51.127442Z  WARN herdr::detect::manifest_update: agent detection manifest update failed for agent agent="kiro" error=fetch failed: failed to fetch https://herdr.dev/agent-detection/kiro.toml
2026-07-22T23:04:55.493945Z  WARN herdr::detect::manifest_update: agent detection manifest update failed for agent agent="opencode" error=fetch failed: failed to fetch https://herdr.dev/agent-detection/opencode.toml
2026-07-22T23:34:01.532584Z  WARN herdr::detect::manifest_update: agent detection manifest update failed: failed to fetch https://herdr.dev/agent-detection/index.toml
2026-07-23T00:03:47.514362Z  WARN herdr::detect::manifest_update: agent detection manifest update failed for agent agent="amp" error=fetch failed: failed to fetch https://herdr.dev/agent-detection/amp.toml
2026-07-23T00:03:56.439064Z  WARN herdr::detect::manifest_update: agent detection manifest update failed for agent agent="claude" error=fetch failed: failed to fetch https://herdr.dev/agent-detection/claude.toml
2026-07-23T00:03:58.623346Z  WARN herdr::detect::manifest_update: agent detection manifest update failed for agent agent="cline" error=fetch failed: failed to fetch https://herdr.dev/agent-detection/cline.toml
2026-07-23T00:04:00.227218Z  WARN herdr::detect::manifest_update: agent detection manifest update failed for agent agent="codex" error=fetch failed: failed to fetch https://herdr.dev/agent-detection/codex.toml
2026-07-23T00:04:06.988799Z  WARN herdr::detect::manifest_update: agent detection manifest update failed for agent agent="devin" error=fetch failed: failed to fetch https://herdr.dev/agent-detection/devin.toml
2026-07-23T00:04:12.670632Z  WARN herdr::detect::manifest_update: agent detection manifest update failed for agent agent="gemini" error=fetch failed: failed to fetch https://herdr.dev/agent-detection/gemini.toml
2026-07-23T00:04:14.511370Z  WARN herdr::detect::manifest_update: agent detection manifest update failed for agent agent="grok" error=fetch failed: failed to fetch https://herdr.dev/agent-detection/grok.toml
2026-07-23T00:04:22.515875Z  WARN herdr::detect::manifest_update: agent detection manifest update failed for agent agent="hermes" error=fetch failed: failed to fetch https://herdr.dev/agent-detection/hermes.toml
2026-07-23T00:04:24.194504Z  WARN herdr::detect::manifest_update: agent detection manifest update failed for agent agent="kilo" error=fetch failed: failed to fetch https://herdr.dev/agent-detection/kilo.toml
2026-07-23T00:04:25.757522Z  WARN herdr::detect::manifest_update: agent detection manifest update failed for agent agent="kimi" error=fetch failed: failed to fetch https://herdr.dev/agent-detection/kimi.toml
2026-07-23T00:04:37.564602Z  WARN herdr::detect::manifest_update: agent detection manifest update failed for agent agent="opencode" error=fetch failed: failed to fetch https://herdr.dev/agent-detection/opencode.toml
2026-07-23T00:04:40.039460Z  WARN herdr::detect::manifest_update: agent detection manifest update failed for agent agent="pi" error=fetch failed: failed to fetch https://herdr.dev/agent-detection/pi.toml
2026-07-23T00:04:43.223381Z  WARN herdr::detect::manifest_update: agent detection manifest update failed for agent agent="copilot" error=fetch failed: failed to fetch https://herdr.dev/agent-detection/github-copilot.toml
2026-07-23T00:34:02.141748Z  WARN herdr::detect::manifest_update: agent detection manifest update failed for agent agent="grok" error=fetch failed: failed to fetch https://herdr.dev/agent-detection/grok.toml
2026-07-23T00:34:12.667316Z  WARN herdr::detect::manifest_update: agent detection manifest update failed for agent agent="kimi" error=fetch failed: failed to fetch https://herdr.dev/agent-detection/kimi.toml
2026-07-23T00:34:16.676421Z  WARN herdr::detect::manifest_update: agent detection manifest update failed for agent agent="kiro" error=fetch failed: failed to fetch https://herdr.dev/agent-detection/kiro.toml
2026-07-23T00:34:31.292431Z  WARN herdr::detect::manifest_update: agent detection manifest update failed for agent agent="maki" error=fetch failed: failed to fetch https://herdr.dev/agent-detection/maki.toml
2026-07-23T00:34:33.330686Z  WARN herdr::detect::manifest_update: agent detection manifest update failed for agent agent="opencode" error=fetch failed: failed to fetch https://herdr.dev/agent-detection/opencode.toml
2026-07-23T00:34:35.808371Z  WARN herdr::detect::manifest_update: agent detection manifest update failed for agent agent="pi" error=fetch failed: failed to fetch https://herdr.dev/agent-detection/pi.toml
2026-07-23T00:34:37.393697Z  WARN herdr::detect::manifest_update: agent detection manifest update failed for agent agent="qodercli" error=fetch failed: failed to fetch https://herdr.dev/agent-detection/qodercli.toml
2026-07-23T01:04:01.318794Z  WARN herdr::detect::manifest_update: agent detection manifest update failed for agent agent="cursor" error=fetch failed: failed to fetch https://herdr.dev/agent-detection/cursor.toml
2026-07-23T01:04:22.031813Z  WARN herdr::detect::manifest_update: agent detection manifest update failed for agent agent="droid" error=fetch failed: failed to fetch https://herdr.dev/agent-detection/droid.toml
2026-07-23T01:04:24.055121Z  WARN herdr::detect::manifest_update: agent detection manifest update failed for agent agent="gemini" error=fetch failed: failed to fetch https://herdr.dev/agent-detection/gemini.toml
2026-07-23T01:04:26.040129Z  WARN herdr::detect::manifest_update: agent detection manifest update failed for agent agent="grok" error=fetch failed: failed to fetch https://herdr.dev/agent-detection/grok.toml
2026-07-23T01:04:53.362040Z  WARN herdr::detect::manifest_update: agent detection manifest update failed for agent agent="kiro" error=fetch failed: failed to fetch https://herdr.dev/agent-detection/kiro.toml
2026-07-23T01:04:56.328602Z  WARN herdr::detect::manifest_update: agent detection manifest update failed for agent agent="opencode" error=fetch failed: failed to fetch https://herdr.dev/agent-detection/opencode.toml
2026-07-23T01:04:58.120786Z  WARN herdr::detect::manifest_update: agent detection manifest update failed for agent agent="pi" error=fetch failed: failed to fetch https://herdr.dev/agent-detection/pi.toml
2026-07-23T01:04:59.299953Z  WARN herdr::detect::manifest_update: agent detection manifest update failed for agent agent="qodercli" error=fetch failed: failed to fetch https://herdr.dev/agent-detection/qodercli.toml
2026-07-23T01:34:07.905789Z  WARN herdr::detect::manifest_update: agent detection manifest update failed for agent agent="kiro" error=fetch failed: failed to fetch https://herdr.dev/agent-detection/kiro.toml
2026-07-23T01:34:11.347725Z  WARN herdr::detect::manifest_update: agent detection manifest update failed for agent agent="opencode" error=fetch failed: failed to fetch https://herdr.dev/agent-detection/opencode.toml
2026-07-23T01:34:15.564684Z  WARN herdr::detect::manifest_update: agent detection manifest update failed for agent agent="qodercli" error=fetch failed: failed to fetch https://herdr.dev/agent-detection/qodercli.toml
2026-07-23T02:04:01.587785Z  WARN herdr::detect::manifest_update: agent detection manifest update failed: failed to fetch https://herdr.dev/agent-detection/index.toml
2026-07-23T02:34:01.600204Z  WARN herdr::detect::manifest_update: agent detection manifest update failed: failed to fetch https://herdr.dev/agent-detection/index.toml
2026-07-23T03:04:01.598948Z  WARN herdr::detect::manifest_update: agent detection manifest update failed: failed to fetch https://herdr.dev/agent-detection/index.toml
2026-07-23T03:34:01.612195Z  WARN herdr::detect::manifest_update: agent detection manifest update failed: failed to fetch https://herdr.dev/agent-detection/index.toml
2026-07-23T04:04:01.628695Z  WARN herdr::detect::manifest_update: agent detection manifest update failed: failed to fetch https://herdr.dev/agent-detection/index.toml
2026-07-23T04:34:01.659774Z  WARN herdr::detect::manifest_update: agent detection manifest update failed: failed to fetch https://herdr.dev/agent-detection/index.toml
2026-07-23T05:04:01.665442Z  WARN herdr::detect::manifest_update: agent detection manifest update failed: failed to fetch https://herdr.dev/agent-detection/index.toml
2026-07-23T07:20:02.196010Z  WARN herdr::detect::manifest_update: agent detection manifest update failed: failed to fetch https://herdr.dev/agent-detection/index.toml
2026-07-23T07:49:49.587403Z  WARN herdr::detect::manifest_update: agent detection manifest update failed: failed to fetch https://herdr.dev/agent-detection/index.toml
2026-07-23T08:19:55.840658Z  WARN herdr::detect::manifest_update: agent detection manifest update failed for agent agent="agy" error=fetch failed: failed to fetch https://herdr.dev/agent-detection/antigravity.toml
2026-07-23T08:20:16.936373Z  WARN herdr::detect::manifest_update: agent detection manifest update failed for agent agent="cline" error=fetch failed: failed to fetch https://herdr.dev/agent-detection/cline.toml
2026-07-23T08:20:33.691615Z  WARN herdr::detect::manifest_update: agent detection manifest update failed for agent agent="codex" error=fetch failed: failed to fetch https://herdr.dev/agent-detection/codex.toml
2026-07-23T08:20:46.745942Z  WARN herdr::detect::manifest_update: agent detection manifest update failed for agent agent="gemini" error=fetch failed: failed to fetch https://herdr.dev/agent-detection/gemini.toml
2026-07-23T08:20:55.156552Z  WARN herdr::detect::manifest_update: agent detection manifest update failed for agent agent="kilo" error=fetch failed: failed to fetch https://herdr.dev/agent-detection/kilo.toml
2026-07-23T08:21:29.221218Z  WARN herdr::detect::manifest_update: agent detection manifest update failed for agent agent="qodercli" error=fetch failed: failed to fetch https://herdr.dev/agent-detection/qodercli.toml
2026-07-23T09:07:04.178461Z  WARN herdr::detect::manifest_update: agent detection manifest update failed for agent agent="agy" error=fetch failed: failed to fetch https://herdr.dev/agent-detection/antigravity.toml
2026-07-23T09:08:15.953825Z  WARN herdr::detect::manifest_update: agent detection manifest update failed for agent agent="grok" error=fetch failed: failed to fetch https://herdr.dev/agent-detection/grok.toml
2026-07-23T09:08:29.554623Z  WARN herdr::detect::manifest_update: agent detection manifest update failed for agent agent="kilo" error=fetch failed: failed to fetch https://herdr.dev/agent-detection/kilo.toml
2026-07-23T09:08:32.968269Z  WARN herdr::detect::manifest_update: agent detection manifest update failed for agent agent="kimi" error=fetch failed: failed to fetch https://herdr.dev/agent-detection/kimi.toml
2026-07-23T09:08:50.496476Z  WARN herdr::detect::manifest_update: agent detection manifest update failed for agent agent="kiro" error=fetch failed: failed to fetch https://herdr.dev/agent-detection/kiro.toml
2026-07-23T09:08:52.823706Z  WARN herdr::detect::manifest_update: agent detection manifest update failed for agent agent="maki" error=fetch failed: failed to fetch https://herdr.dev/agent-detection/maki.toml
2026-07-23T09:08:58.755538Z  WARN herdr::detect::manifest_update: agent detection manifest update failed for agent agent="pi" error=fetch failed: failed to fetch https://herdr.dev/agent-detection/pi.toml
2026-07-23T09:09:00.797996Z  WARN herdr::detect::manifest_update: agent detection manifest update failed for agent agent="qodercli" error=fetch failed: failed to fetch https://herdr.dev/agent-detection/qodercli.toml
2026-07-23T10:36:40.286239Z  WARN herdr::detect::manifest_update: agent detection manifest update failed: failed to fetch https://herdr.dev/agent-detection/index.toml
2026-07-23T12:41:04.124630Z  WARN herdr::detect::manifest_update: agent detection manifest update failed: failed to fetch https://herdr.dev/agent-detection/index.toml
2026-07-23T13:11:19.171278Z  WARN herdr::detect::manifest_update: agent detection manifest update failed for agent agent="amp" error=fetch failed: failed to fetch https://herdr.dev/agent-detection/amp.toml
2026-07-23T13:11:26.689305Z  WARN herdr::detect::manifest_update: agent detection manifest update failed for agent agent="claude" error=fetch failed: failed to fetch https://herdr.dev/agent-detection/claude.toml
2026-07-23T13:11:29.550193Z  WARN herdr::detect::manifest_update: agent detection manifest update failed for agent agent="cline" error=fetch failed: failed to fetch https://herdr.dev/agent-detection/cline.toml
2026-07-23T13:11:43.386824Z  WARN herdr::detect::manifest_update: agent detection manifest update failed for agent agent="cursor" error=fetch failed: failed to fetch https://herdr.dev/agent-detection/cursor.toml
2026-07-23T13:12:01.487863Z  WARN herdr::detect::manifest_update: agent detection manifest update failed for agent agent="devin" error=fetch failed: failed to fetch https://herdr.dev/agent-detection/devin.toml
2026-07-23T13:12:10.728745Z  WARN herdr::detect::manifest_update: agent detection manifest update failed for agent agent="droid" error=fetch failed: failed to fetch https://herdr.dev/agent-detection/droid.toml
2026-07-23T13:12:21.226495Z  WARN herdr::detect::manifest_update: agent detection manifest update failed for agent agent="gemini" error=fetch failed: failed to fetch https://herdr.dev/agent-detection/gemini.toml
2026-07-23T13:12:23.901948Z  WARN herdr::detect::manifest_update: agent detection manifest update failed for agent agent="grok" error=fetch failed: failed to fetch https://herdr.dev/agent-detection/grok.toml
2026-07-23T13:13:20.793224Z  WARN herdr::detect::manifest_update: agent detection manifest update failed for agent agent="copilot" error=fetch failed: failed to fetch https://herdr.dev/agent-detection/github-copilot.toml
2026-07-23T13:47:34.766429Z  WARN herdr::detect::manifest_update: agent detection manifest update failed for agent agent="claude" error=fetch failed: failed to fetch https://herdr.dev/agent-detection/claude.toml
2026-07-23T13:47:37.925299Z  WARN herdr::detect::manifest_update: agent detection manifest update failed for agent agent="cline" error=fetch failed: failed to fetch https://herdr.dev/agent-detection/cline.toml
2026-07-23T13:47:47.652491Z  WARN herdr::detect::manifest_update: agent detection manifest update failed for agent agent="codex" error=fetch failed: failed to fetch https://herdr.dev/agent-detection/codex.toml
2026-07-23T13:47:59.283015Z  WARN herdr::detect::manifest_update: agent detection manifest update failed for agent agent="droid" error=fetch failed: failed to fetch https://herdr.dev/agent-detection/droid.toml
2026-07-23T13:48:09.140525Z  WARN herdr::detect::manifest_update: agent detection manifest update failed for agent agent="gemini" error=fetch failed: failed to fetch https://herdr.dev/agent-detection/gemini.toml
2026-07-23T13:48:17.506498Z  WARN herdr::detect::manifest_update: agent detection manifest update failed for agent agent="grok" error=fetch failed: failed to fetch https://herdr.dev/agent-detection/grok.toml
2026-07-23T13:48:35.559059Z  WARN herdr::detect::manifest_update: agent detection manifest update failed for agent agent="hermes" error=fetch failed: failed to fetch https://herdr.dev/agent-detection/hermes.toml
2026-07-23T13:48:38.523242Z  WARN herdr::detect::manifest_update: agent detection manifest update failed for agent agent="kilo" error=fetch failed: failed to fetch https://herdr.dev/agent-detection/kilo.toml
2026-07-23T13:48:42.593504Z  WARN herdr::detect::manifest_update: agent detection manifest update failed for agent agent="kimi" error=fetch failed: failed to fetch https://herdr.dev/agent-detection/kimi.toml
2026-07-23T13:48:47.380645Z  WARN herdr::detect::manifest_update: agent detection manifest update failed for agent agent="kiro" error=fetch failed: failed to fetch https://herdr.dev/agent-detection/kiro.toml
2026-07-23T14:17:19.734900Z  WARN herdr::detect::manifest_update: agent detection manifest update failed for agent agent="amp" error=fetch failed: failed to fetch https://herdr.dev/agent-detection/amp.toml
2026-07-23T14:17:32.740603Z  WARN herdr::detect::manifest_update: agent detection manifest update failed for agent agent="codex" error=fetch failed: failed to fetch https://herdr.dev/agent-detection/codex.toml
2026-07-23T15:49:44.657013Z  WARN herdr::detect::manifest_update: agent detection manifest update failed for agent agent="amp" error=fetch failed: failed to fetch https://herdr.dev/agent-detection/amp.toml
2026-07-23T15:50:36.809321Z  WARN herdr::detect::manifest_update: agent detection manifest update failed for agent agent="cursor" error=fetch failed: failed to fetch https://herdr.dev/agent-detection/cursor.toml
2026-07-23T15:50:41.457173Z  WARN herdr::detect::manifest_update: agent detection manifest update failed for agent agent="devin" error=fetch failed: failed to fetch https://herdr.dev/agent-detection/devin.toml
2026-07-23T15:50:45.192537Z  WARN herdr::detect::manifest_update: agent detection manifest update failed for agent agent="droid" error=fetch failed: failed to fetch https://herdr.dev/agent-detection/droid.toml
2026-07-23T15:50:57.066358Z  WARN herdr::detect::manifest_update: agent detection manifest update failed for agent agent="grok" error=fetch failed: failed to fetch https://herdr.dev/agent-detection/grok.toml
2026-07-23T15:51:14.903572Z  WARN herdr::detect::manifest_update: agent detection manifest update failed for agent agent="hermes" error=fetch failed: failed to fetch https://herdr.dev/agent-detection/hermes.toml
2026-07-23T15:51:28.302980Z  WARN herdr::detect::manifest_update: agent detection manifest update failed for agent agent="kimi" error=fetch failed: failed to fetch https://herdr.dev/agent-detection/kimi.toml
2026-07-23T15:51:31.943754Z  WARN herdr::detect::manifest_update: agent detection manifest update failed for agent agent="kiro" error=fetch failed: failed to fetch https://herdr.dev/agent-detection/kiro.toml
2026-07-23T15:51:34.738776Z  WARN herdr::detect::manifest_update: agent detection manifest update failed for agent agent="maki" error=fetch failed: failed to fetch https://herdr.dev/agent-detection/maki.toml
2026-07-23T15:51:40.074092Z  WARN herdr::detect::manifest_update: agent detection manifest update failed for agent agent="pi" error=fetch failed: failed to fetch https://herdr.dev/agent-detection/pi.toml
2026-07-23T16:19:37.786456Z  WARN herdr::detect::manifest_update: agent detection manifest update failed: failed to fetch https://herdr.dev/agent-detection/index.toml
2026-07-23T18:50:18.186265Z  WARN herdr::detect::manifest_update: agent detection manifest update failed for agent agent="hermes" error=fetch failed: failed to fetch https://herdr.dev/agent-detection/hermes.toml
2026-07-23T19:19:46.739782Z  WARN herdr::detect::manifest_update: agent detection manifest update failed for agent agent="cline" error=fetch failed: failed to fetch https://herdr.dev/agent-detection/cline.toml
2026-07-23T20:50:33.833765Z  WARN herdr::detect::manifest_update: agent detection manifest update failed for agent agent="grok" error=fetch failed: failed to fetch https://herdr.dev/agent-detection/grok.toml
2026-07-23T21:20:09.088683Z  WARN herdr::detect::manifest_update: agent detection manifest update failed for agent agent="cline" error=fetch failed: failed to fetch https://herdr.dev/agent-detection/cline.toml
2026-07-23T21:20:47.118582Z  WARN herdr::detect::manifest_update: agent detection manifest update failed for agent agent="opencode" error=fetch failed: failed to fetch https://herdr.dev/agent-detection/opencode.toml
2026-07-23T22:03:27.901974Z  WARN herdr::detect::manifest_update: agent detection manifest update failed for agent agent="kiro" error=fetch failed: failed to fetch https://herdr.dev/agent-detection/kiro.toml
2026-07-24T08:41:26.198572Z  WARN herdr::detect::manifest_update: agent detection manifest update failed for agent agent="agy" error=fetch failed: failed to fetch https://herdr.dev/agent-detection/antigravity.toml
2026-07-24T08:41:44.255431Z  WARN herdr::detect::manifest_update: agent detection manifest update failed for agent agent="claude" error=fetch failed: failed to fetch https://herdr.dev/agent-detection/claude.toml
2026-07-24T08:42:02.329335Z  WARN herdr::detect::manifest_update: agent detection manifest update failed for agent agent="cline" error=fetch failed: failed to fetch https://herdr.dev/agent-detection/cline.toml
2026-07-24T08:42:20.375486Z  WARN herdr::detect::manifest_update: agent detection manifest update failed for agent agent="codex" error=fetch failed: failed to fetch https://herdr.dev/agent-detection/codex.toml
2026-07-24T09:11:01.567133Z  WARN herdr::detect::manifest_update: agent detection manifest update failed for agent agent="agy" error=fetch failed: failed to fetch https://herdr.dev/agent-detection/antigravity.toml
2026-07-24T09:11:15.916542Z  WARN herdr::detect::manifest_update: agent detection manifest update failed for agent agent="cursor" error=fetch failed: failed to fetch https://herdr.dev/agent-detection/cursor.toml
2026-07-24T09:11:29.007891Z  WARN herdr::detect::manifest_update: agent detection manifest update failed for agent agent="droid" error=fetch failed: failed to fetch https://herdr.dev/agent-detection/droid.toml
2026-07-24T09:11:31.740062Z  WARN herdr::detect::manifest_update: agent detection manifest update failed for agent agent="gemini" error=fetch failed: failed to fetch https://herdr.dev/agent-detection/gemini.toml
2026-07-24T09:11:34.051660Z  WARN herdr::detect::manifest_update: agent detection manifest update failed for agent agent="grok" error=fetch failed: failed to fetch https://herdr.dev/agent-detection/grok.toml
2026-07-24T09:11:37.755854Z  WARN herdr::detect::manifest_update: agent detection manifest update failed for agent agent="hermes" error=fetch failed: failed to fetch https://herdr.dev/agent-detection/hermes.toml
2026-07-24T09:11:58.980940Z  WARN herdr::detect::manifest_update: agent detection manifest update failed for agent agent="kimi" error=fetch failed: failed to fetch https://herdr.dev/agent-detection/kimi.toml
2026-07-24T09:12:09.574596Z  WARN herdr::detect::manifest_update: agent detection manifest update failed for agent agent="kiro" error=fetch failed: failed to fetch https://herdr.dev/agent-detection/kiro.toml
2026-07-24T09:12:12.615840Z  WARN herdr::detect::manifest_update: agent detection manifest update failed for agent agent="maki" error=fetch failed: failed to fetch https://herdr.dev/agent-detection/maki.toml
2026-07-24T09:12:15.715309Z  WARN herdr::detect::manifest_update: agent detection manifest update failed for agent agent="opencode" error=fetch failed: failed to fetch https://herdr.dev/agent-detection/opencode.toml
2026-07-24T09:12:41.136243Z  WARN herdr::detect::manifest_update: agent detection manifest update failed for agent agent="qodercli" error=fetch failed: failed to fetch https://herdr.dev/agent-detection/qodercli.toml
2026-07-24T09:12:49.827799Z  WARN herdr::detect::manifest_update: agent detection manifest update failed for agent agent="copilot" error=fetch failed: failed to fetch https://herdr.dev/agent-detection/github-copilot.toml
2026-07-24T09:40:57.609385Z  WARN herdr::detect::manifest_update: agent detection manifest update failed: failed to fetch https://herdr.dev/agent-detection/index.toml
2026-07-24T10:20:33.973449Z  WARN herdr::detect::manifest_update: agent detection manifest update failed: failed to fetch https://herdr.dev/agent-detection/index.toml
2026-07-24T10:50:46.784992Z  WARN herdr::detect::manifest_update: agent detection manifest update failed: failed to fetch https://herdr.dev/agent-detection/index.toml
2026-07-24T12:20:51.584056Z  WARN herdr::detect::manifest_update: agent detection manifest update failed for agent agent="amp" error=fetch failed: failed to fetch https://herdr.dev/agent-detection/amp.toml
2026-07-24T12:21:17.751543Z  WARN herdr::detect::manifest_update: agent detection manifest update failed for agent agent="cline" error=fetch failed: failed to fetch https://herdr.dev/agent-detection/cline.toml
2026-07-24T12:21:51.933070Z  WARN herdr::detect::manifest_update: agent detection manifest update failed for agent agent="devin" error=fetch failed: failed to fetch https://herdr.dev/agent-detection/devin.toml
2026-07-24T12:22:01.438242Z  WARN herdr::detect::manifest_update: agent detection manifest update failed for agent agent="grok" error=fetch failed: failed to fetch https://herdr.dev/agent-detection/grok.toml
2026-07-24T12:22:04.288146Z  WARN herdr::detect::manifest_update: agent detection manifest update failed for agent agent="hermes" error=fetch failed: failed to fetch https://herdr.dev/agent-detection/hermes.toml
2026-07-24T12:22:14.232845Z  WARN herdr::detect::manifest_update: agent detection manifest update failed for agent agent="kilo" error=fetch failed: failed to fetch https://herdr.dev/agent-detection/kilo.toml
2026-07-24T12:22:23.270517Z  WARN herdr::detect::manifest_update: agent detection manifest update failed for agent agent="kiro" error=fetch failed: failed to fetch https://herdr.dev/agent-detection/kiro.toml
2026-07-24T12:22:51.546957Z  WARN herdr::detect::manifest_update: agent detection manifest update failed for agent agent="opencode" error=fetch failed: failed to fetch https://herdr.dev/agent-detection/opencode.toml
2026-07-24T12:23:09.729654Z  WARN herdr::detect::manifest_update: agent detection manifest update failed for agent agent="pi" error=fetch failed: failed to fetch https://herdr.dev/agent-detection/pi.toml
2026-07-24T12:23:19.117328Z  WARN herdr::detect::manifest_update: agent detection manifest update failed for agent agent="qodercli" error=fetch failed: failed to fetch https://herdr.dev/agent-detection/qodercli.toml
2026-07-24T13:55:30.543759Z  WARN herdr::detect::manifest_update: agent detection manifest update failed: failed to fetch https://herdr.dev/agent-detection/index.toml
2026-07-24T14:25:47.322860Z  WARN herdr::detect::manifest_update: agent detection manifest update failed for agent agent="cursor" error=fetch failed: failed to fetch https://herdr.dev/agent-detection/cursor.toml
2026-07-24T14:25:55.914267Z  WARN herdr::detect::manifest_update: agent detection manifest update failed for agent agent="devin" error=fetch failed: failed to fetch https://herdr.dev/agent-detection/devin.toml
2026-07-24T14:25:58.835696Z  WARN herdr::detect::manifest_update: agent detection manifest update failed for agent agent="droid" error=fetch failed: failed to fetch https://herdr.dev/agent-detection/droid.toml
2026-07-24T14:26:16.890299Z  WARN herdr::detect::manifest_update: agent detection manifest update failed for agent agent="gemini" error=fetch failed: failed to fetch https://herdr.dev/agent-detection/gemini.toml
2026-07-24T14:26:20.879640Z  WARN herdr::detect::manifest_update: agent detection manifest update failed for agent agent="grok" error=fetch failed: failed to fetch https://herdr.dev/agent-detection/grok.toml
2026-07-24T14:26:38.928489Z  WARN herdr::detect::manifest_update: agent detection manifest update failed for agent agent="hermes" error=fetch failed: failed to fetch https://herdr.dev/agent-detection/hermes.toml
2026-07-24T14:26:47.776491Z  WARN herdr::detect::manifest_update: agent detection manifest update failed for agent agent="kilo" error=fetch failed: failed to fetch https://herdr.dev/agent-detection/kilo.toml
2026-07-24T14:27:02.865462Z  WARN herdr::detect::manifest_update: agent detection manifest update failed for agent agent="kimi" error=fetch failed: failed to fetch https://herdr.dev/agent-detection/kimi.toml
2026-07-24T14:27:20.926057Z  WARN herdr::detect::manifest_update: agent detection manifest update failed for agent agent="kiro" error=fetch failed: failed to fetch https://herdr.dev/agent-detection/kiro.toml
2026-07-24T14:27:29.653835Z  WARN herdr::detect::manifest_update: agent detection manifest update failed for agent agent="maki" error=fetch failed: failed to fetch https://herdr.dev/agent-detection/maki.toml
2026-07-24T14:27:39.055440Z  WARN herdr::detect::manifest_update: agent detection manifest update failed for agent agent="qodercli" error=fetch failed: failed to fetch https://herdr.dev/agent-detection/qodercli.toml
2026-07-24T14:27:47.275177Z  WARN herdr::detect::manifest_update: agent detection manifest update failed for agent agent="copilot" error=fetch failed: failed to fetch https://herdr.dev/agent-detection/github-copilot.toml
2026-07-24T14:55:24.384707Z  WARN herdr::detect::manifest_update: agent detection manifest update failed for agent agent="agy" error=fetch failed: failed to fetch https://herdr.dev/agent-detection/antigravity.toml
2026-07-24T14:55:29.823359Z  WARN herdr::detect::manifest_update: agent detection manifest update failed for agent agent="cline" error=fetch failed: failed to fetch https://herdr.dev/agent-detection/cline.toml
2026-07-24T14:55:56.947116Z  WARN herdr::detect::manifest_update: agent detection manifest update failed for agent agent="devin" error=fetch failed: failed to fetch https://herdr.dev/agent-detection/devin.toml
2026-07-24T14:56:05.569567Z  WARN herdr::detect::manifest_update: agent detection manifest update failed for agent agent="droid" error=fetch failed: failed to fetch https://herdr.dev/agent-detection/droid.toml
2026-07-24T14:56:21.198205Z  WARN herdr::detect::manifest_update: agent detection manifest update failed for agent agent="gemini" error=fetch failed: failed to fetch https://herdr.dev/agent-detection/gemini.toml
2026-07-24T14:56:44.241262Z  WARN herdr::detect::manifest_update: agent detection manifest update failed for agent agent="hermes" error=fetch failed: failed to fetch https://herdr.dev/agent-detection/hermes.toml
2026-07-24T14:56:53.438962Z  WARN herdr::detect::manifest_update: agent detection manifest update failed for agent agent="kilo" error=fetch failed: failed to fetch https://herdr.dev/agent-detection/kilo.toml
2026-07-24T14:57:30.484466Z  WARN herdr::detect::manifest_update: agent detection manifest update failed for agent agent="pi" error=fetch failed: failed to fetch https://herdr.dev/agent-detection/pi.toml
2026-07-24T14:57:33.093478Z  WARN herdr::detect::manifest_update: agent detection manifest update failed for agent agent="qodercli" error=fetch failed: failed to fetch https://herdr.dev/agent-detection/qodercli.toml
2026-07-24T17:11:52.568149Z  WARN herdr::detect::manifest_update: agent detection manifest update failed for agent agent="cursor" error=fetch failed: failed to fetch https://herdr.dev/agent-detection/cursor.toml
2026-07-25T05:45:54.421397Z  WARN herdr::detect::manifest_update: agent detection manifest update failed for agent agent="claude" error=fetch failed: failed to fetch https://herdr.dev/agent-detection/claude.toml
2026-07-25T17:49:44.541927Z  WARN herdr::detect::manifest_update: agent detection manifest update failed: failed to fetch https://herdr.dev/agent-detection/index.toml
2026-07-26T14:22:09.095416Z  WARN herdr::detect::manifest_update: agent detection manifest update failed for agent agent="hermes" error=fetch failed: failed to fetch https://herdr.dev/agent-detection/hermes.toml
2026-07-26T15:21:29.149177Z  WARN herdr::detect::manifest_update: agent detection manifest update failed: failed to fetch https://herdr.dev/agent-detection/index.toml
2026-07-27T14:27:05.617443Z  WARN herdr::detect::manifest_update: agent detection manifest update failed: failed to fetch https://herdr.dev/agent-detection/index.toml
2026-07-27T14:57:05.672611Z  WARN herdr::detect::manifest_update: agent detection manifest update failed: failed to fetch https://herdr.dev/agent-detection/index.toml
2026-07-27T16:57:41.235115Z  WARN herdr::detect::manifest_update: agent detection manifest update failed for agent agent="opencode" error=fetch failed: failed to fetch https://herdr.dev/agent-detection/opencode.toml
2026-07-27T17:27:22.330720Z  WARN herdr::detect::manifest_update: agent detection manifest update failed for agent agent="kiro" error=fetch failed: failed to fetch https://herdr.dev/agent-detection/kiro.toml
2026-07-27T17:57:11.115631Z  WARN herdr::detect::manifest_update: agent detection manifest update failed for agent agent="droid" error=fetch failed: failed to fetch https://herdr.dev/agent-detection/droid.toml
2026-07-27T21:57:39.508247Z  WARN herdr::detect::manifest_update: agent detection manifest update failed for agent agent="droid" error=fetch failed: failed to fetch https://herdr.dev/agent-detection/droid.toml
2026-07-27T21:58:17.726092Z  WARN herdr::detect::manifest_update: agent detection manifest update failed for agent agent="hermes" error=fetch failed: failed to fetch https://herdr.dev/agent-detection/hermes.toml
2026-07-27T21:58:52.763297Z  WARN herdr::detect::manifest_update: agent detection manifest update failed for agent agent="kiro" error=fetch failed: failed to fetch https://herdr.dev/agent-detection/kiro.toml
2026-07-27T21:59:10.850282Z  WARN herdr::detect::manifest_update: agent detection manifest update failed for agent agent="maki" error=fetch failed: failed to fetch https://herdr.dev/agent-detection/maki.toml
2026-07-27T21:59:28.934720Z  WARN herdr::detect::manifest_update: agent detection manifest update failed for agent agent="opencode" error=fetch failed: failed to fetch https://herdr.dev/agent-detection/opencode.toml
2026-07-27T21:59:47.076023Z  WARN herdr::detect::manifest_update: agent detection manifest update failed for agent agent="pi" error=fetch failed: failed to fetch https://herdr.dev/agent-detection/pi.toml
2026-07-27T22:00:05.145814Z  WARN herdr::detect::manifest_update: agent detection manifest update failed for agent agent="qodercli" error=fetch failed: failed to fetch https://herdr.dev/agent-detection/qodercli.toml
2026-07-27T22:00:23.206160Z  WARN herdr::detect::manifest_update: agent detection manifest update failed for agent agent="copilot" error=fetch failed: failed to fetch https://herdr.dev/agent-detection/github-copilot.toml
2026-07-27T22:56:58.370749Z  WARN herdr::detect::manifest_update: agent detection manifest update failed for agent agent="codex" error=fetch failed: failed to fetch https://herdr.dev/agent-detection/codex.toml
2026-07-28T00:26:54.539496Z  WARN herdr::detect::manifest_update: agent detection manifest update failed for agent agent="claude" error=fetch failed: failed to fetch https://herdr.dev/agent-detection/claude.toml
2026-07-28T02:14:04.916366Z  WARN herdr::detect::manifest_update: agent detection manifest update failed for agent agent="maki" error=fetch failed: failed to fetch https://herdr.dev/agent-detection/maki.toml
2026-07-28T03:14:09.161600Z  WARN herdr::detect::manifest_update: agent detection manifest update failed for agent agent="pi" error=fetch failed: failed to fetch https://herdr.dev/agent-detection/pi.toml
2026-07-28T03:43:46.997189Z  WARN herdr::detect::manifest_update: agent detection manifest update failed for agent agent="cline" error=fetch failed: failed to fetch https://herdr.dev/agent-detection/cline.toml
2026-07-28T03:43:57.552967Z  WARN herdr::detect::manifest_update: agent detection manifest update failed for agent agent="hermes" error=fetch failed: failed to fetch https://herdr.dev/agent-detection/hermes.toml
2026-07-28T05:13:53.483298Z  WARN herdr::detect::manifest_update: agent detection manifest update failed for agent agent="cline" error=fetch failed: failed to fetch https://herdr.dev/agent-detection/cline.toml
2026-07-28T05:43:51.037160Z  WARN herdr::detect::manifest_update: agent detection manifest update failed for agent agent="cursor" error=fetch failed: failed to fetch https://herdr.dev/agent-detection/cursor.toml
2026-07-28T06:18:09.128250Z  WARN herdr::detect::manifest_update: agent detection manifest update failed for agent agent="kiro" error=fetch failed: failed to fetch https://herdr.dev/agent-detection/kiro.toml
2026-07-28T10:01:53.033682Z  WARN herdr::detect::manifest_update: agent detection manifest update failed for agent agent="copilot" error=fetch failed: failed to fetch https://herdr.dev/agent-detection/github-copilot.toml
2026-07-28T14:01:55.965454Z  WARN herdr::detect::manifest_update: agent detection manifest update failed for agent agent="claude" error=fetch failed: failed to fetch https://herdr.dev/agent-detection/claude.toml
2026-07-28T14:02:02.083934Z  WARN herdr::detect::manifest_update: agent detection manifest update failed for agent agent="grok" error=fetch failed: failed to fetch https://herdr.dev/agent-detection/grok.toml
2026-07-28T14:02:08.704501Z  WARN herdr::detect::manifest_update: agent detection manifest update failed for agent agent="pi" error=fetch failed: failed to fetch https://herdr.dev/agent-detection/pi.toml
2026-07-28T17:34:43.956897Z  WARN herdr::detect::manifest_update: agent detection manifest update failed: failed to fetch https://herdr.dev/agent-detection/index.toml
2026-07-28T18:05:07.183828Z  WARN herdr::detect::manifest_update: agent detection manifest update failed for agent agent="kiro" error=fetch failed: failed to fetch https://herdr.dev/agent-detection/kiro.toml
2026-07-28T18:35:14.292799Z  WARN herdr::detect::manifest_update: agent detection manifest update failed for agent agent="hermes" error=fetch failed: failed to fetch https://herdr.dev/agent-detection/hermes.toml
2026-07-28T20:04:57.949227Z  WARN herdr::detect::manifest_update: agent detection manifest update failed: failed to fetch https://herdr.dev/agent-detection/index.toml
2026-07-28T21:11:45.449841Z  WARN herdr::detect::manifest_update: agent detection manifest update failed for agent agent="kilo" error=fetch failed: failed to fetch https://herdr.dev/agent-detection/kilo.toml
2026-07-28T22:11:58.903826Z  WARN herdr::detect::manifest_update: agent detection manifest update failed for agent agent="qodercli" error=fetch failed: failed to fetch https://herdr.dev/agent-detection/qodercli.toml
2026-07-29T11:53:24.857532Z  WARN herdr::detect::manifest_update: agent detection manifest update failed for agent agent="copilot" error=fetch failed: failed to fetch https://herdr.dev/agent-detection/github-copilot.toml
2026-07-29T13:21:35.850993Z  WARN herdr::detect::manifest_update: agent detection manifest update failed: failed to fetch https://herdr.dev/agent-detection/index.toml
2026-07-29T14:52:11.204753Z  WARN herdr::detect::manifest_update: agent detection manifest update failed for agent agent="maki" error=fetch failed: failed to fetch https://herdr.dev/agent-detection/maki.toml
2026-07-29T15:21:35.903303Z  WARN herdr::detect::manifest_update: agent detection manifest update failed: failed to fetch https://herdr.dev/agent-detection/index.toml
2026-07-29T16:51:44.433265Z  WARN herdr::detect::manifest_update: agent detection manifest update failed for agent agent="claude" error=fetch failed: failed to fetch https://herdr.dev/agent-detection/claude.toml
2026-07-29T16:53:13.223200Z  WARN herdr::detect::manifest_update: agent detection manifest update failed for agent agent="kilo" error=fetch failed: failed to fetch https://herdr.dev/agent-detection/kilo.toml
2026-07-29T17:22:07.188139Z  WARN herdr::detect::manifest_update: agent detection manifest update failed for agent agent="gemini" error=fetch failed: failed to fetch https://herdr.dev/agent-detection/gemini.toml
2026-07-29T17:23:01.933765Z  WARN herdr::detect::manifest_update: agent detection manifest update failed for agent agent="kilo" error=fetch failed: failed to fetch https://herdr.dev/agent-detection/kilo.toml
2026-07-29T19:32:07.137467Z  WARN herdr::detect::manifest_update: agent detection manifest update failed for agent agent="agy" error=fetch failed: failed to fetch https://herdr.dev/agent-detection/antigravity.toml
2026-07-29T19:32:32.107500Z  WARN herdr::detect::manifest_update: agent detection manifest update failed for agent agent="cline" error=fetch failed: failed to fetch https://herdr.dev/agent-detection/cline.toml
2026-07-29T19:32:35.846904Z  WARN herdr::detect::manifest_update: agent detection manifest update failed for agent agent="codex" error=fetch failed: failed to fetch https://herdr.dev/agent-detection/codex.toml
2026-07-29T19:32:53.981544Z  WARN herdr::detect::manifest_update: agent detection manifest update failed for agent agent="droid" error=fetch failed: failed to fetch https://herdr.dev/agent-detection/droid.toml
2026-07-29T19:34:00.998060Z  WARN herdr::detect::manifest_update: agent detection manifest update failed for agent agent="qodercli" error=fetch failed: failed to fetch https://herdr.dev/agent-detection/qodercli.toml
2026-07-29T19:34:05.116948Z  WARN herdr::detect::manifest_update: agent detection manifest update failed for agent agent="copilot" error=fetch failed: failed to fetch https://herdr.dev/agent-detection/github-copilot.toml
2026-07-29T20:32:04.087935Z  WARN herdr::detect::manifest_update: agent detection manifest update failed: failed to fetch https://herdr.dev/agent-detection/index.toml
2026-07-29T23:00:59.473794Z  WARN herdr::detect::manifest_update: agent detection manifest update failed for agent agent="claude" error=fetch failed: failed to fetch https://herdr.dev/agent-detection/claude.toml
2026-07-29T23:01:17.561479Z  WARN herdr::detect::manifest_update: agent detection manifest update failed for agent agent="cline" error=fetch failed: failed to fetch https://herdr.dev/agent-detection/cline.toml
2026-07-29T23:32:22.678572Z  WARN herdr::detect::manifest_update: agent detection manifest update failed for agent agent="codex" error=fetch failed: failed to fetch https://herdr.dev/agent-detection/codex.toml
2026-07-29T23:49:57.654713Z  WARN herdr::detect::manifest_update: agent detection manifest update failed for agent agent="cursor" error=fetch failed: failed to fetch https://herdr.dev/agent-detection/cursor.toml
2026-07-30T08:54:56.966924Z  WARN herdr::detect::manifest_update: agent detection manifest update failed for agent agent="droid" error=fetch failed: failed to fetch https://herdr.dev/agent-detection/droid.toml
2026-07-30T08:55:00.035976Z  WARN herdr::detect::manifest_update: agent detection manifest update failed for agent agent="gemini" error=fetch failed: failed to fetch https://herdr.dev/agent-detection/gemini.toml
2026-07-30T09:25:06.985754Z  WARN herdr::detect::manifest_update: agent detection manifest update failed for agent agent="claude" error=fetch failed: failed to fetch https://herdr.dev/agent-detection/claude.toml
2026-07-30T13:25:43.277427Z  WARN herdr::detect::manifest_update: agent detection manifest update failed for agent agent="maki" error=fetch failed: failed to fetch https://herdr.dev/agent-detection/maki.toml
2026-07-30T18:57:13.227985Z  WARN herdr::detect::manifest_update: agent detection manifest update failed for agent agent="pi" error=fetch failed: failed to fetch https://herdr.dev/agent-detection/pi.toml
2026-08-01T18:46:57.172140Z  WARN herdr::detect::manifest_update: agent detection manifest update failed for agent agent="cline" error=fetch failed: failed to fetch https://herdr.dev/agent-detection/cline.toml
2026-08-01T18:47:46.572746Z  WARN herdr::detect::manifest_update: agent detection manifest update failed for agent agent="cursor" error=fetch failed: failed to fetch https://herdr.dev/agent-detection/cursor.toml
2026-08-01T22:57:11.011654Z  WARN herdr::detect::manifest_update: agent detection manifest update failed: failed to fetch https://herdr.dev/agent-detection/index.toml
2026-08-01T23:27:10.991176Z  WARN herdr::detect::manifest_update: agent detection manifest update failed: failed to fetch https://herdr.dev/agent-detection/index.toml
2026-08-01T23:57:11.004555Z  WARN herdr::detect::manifest_update: agent detection manifest update failed: failed to fetch https://herdr.dev/agent-detection/index.toml
2026-08-02T00:27:10.992054Z  WARN herdr::detect::manifest_update: agent detection manifest update failed: failed to fetch https://herdr.dev/agent-detection/index.toml
2026-08-02T00:57:10.987631Z  WARN herdr::detect::manifest_update: agent detection manifest update failed: failed to fetch https://herdr.dev/agent-detection/index.toml
2026-08-02T01:27:11.016069Z  WARN herdr::detect::manifest_update: agent detection manifest update failed: failed to fetch https://herdr.dev/agent-detection/index.toml
2026-08-02T01:57:11.011142Z  WARN herdr::detect::manifest_update: agent detection manifest update failed: failed to fetch https://herdr.dev/agent-detection/index.toml
2026-08-02T02:27:11.029371Z  WARN herdr::detect::manifest_update: agent detection manifest update failed: failed to fetch https://herdr.dev/agent-detection/index.toml
2026-08-02T02:57:11.018076Z  WARN herdr::detect::manifest_update: agent detection manifest update failed: failed to fetch https://herdr.dev/agent-detection/index.toml
2026-08-02T03:27:11.040018Z  WARN herdr::detect::manifest_update: agent detection manifest update failed: failed to fetch https://herdr.dev/agent-detection/index.toml
2026-08-02T03:57:11.037169Z  WARN herdr::detect::manifest_update: agent detection manifest update failed: failed to fetch https://herdr.dev/agent-detection/index.toml
2026-08-02T04:27:11.055819Z  WARN herdr::detect::manifest_update: agent detection manifest update failed: failed to fetch https://herdr.dev/agent-detection/index.toml
2026-08-02T04:57:11.065748Z  WARN herdr::detect::manifest_update: agent detection manifest update failed: failed to fetch https://herdr.dev/agent-detection/index.toml
2026-08-02T05:27:11.084098Z  WARN herdr::detect::manifest_update: agent detection manifest update failed: failed to fetch https://herdr.dev/agent-detection/index.toml
2026-08-02T05:57:11.079179Z  WARN herdr::detect::manifest_update: agent detection manifest update failed: failed to fetch https://herdr.dev/agent-detection/index.toml
2026-08-02T06:27:11.079600Z  WARN herdr::detect::manifest_update: agent detection manifest update failed: failed to fetch https://herdr.dev/agent-detection/index.toml
2026-08-02T06:57:11.086937Z  WARN herdr::detect::manifest_update: agent detection manifest update failed: failed to fetch https://herdr.dev/agent-detection/index.toml
2026-08-02T07:27:11.096235Z  WARN herdr::detect::manifest_update: agent detection manifest update failed: failed to fetch https://herdr.dev/agent-detection/index.toml
2026-08-02T07:57:11.101964Z  WARN herdr::detect::manifest_update: agent detection manifest update failed: failed to fetch https://herdr.dev/agent-detection/index.toml
2026-08-02T08:27:11.111638Z  WARN herdr::detect::manifest_update: agent detection manifest update failed: failed to fetch https://herdr.dev/agent-detection/index.toml
2026-08-02T08:57:11.129077Z  WARN herdr::detect::manifest_update: agent detection manifest update failed: failed to fetch https://herdr.dev/agent-detection/index.toml
2026-08-02T09:27:11.135952Z  WARN herdr::detect::manifest_update: agent detection manifest update failed: failed to fetch https://herdr.dev/agent-detection/index.toml
2026-08-02T11:43:20.568770Z  WARN herdr::detect::manifest_update: agent detection manifest update failed: failed to fetch https://herdr.dev/agent-detection/index.toml
2026-08-02T14:43:20.656482Z  WARN herdr::detect::manifest_update: agent detection manifest update failed: failed to fetch https://herdr.dev/agent-detection/index.toml
2026-08-02T20:43:59.716973Z  WARN herdr::detect::manifest_update: agent detection manifest update failed for agent agent="devin" error=fetch failed: failed to fetch https://herdr.dev/agent-detection/devin.toml
2026-08-03T12:31:44.732802Z  WARN herdr::detect::manifest_update: agent detection manifest update failed for agent agent="codex" error=TOML parse error at line 56, column 68
   |
56 |   { contains = ["would you like to"], any = [{ contains = ["yes"] }id = "codex"
   |                                                                    ^
invalid array
expected `]`

2026-08-03T20:51:04.512392Z  WARN herdr::detect::manifest_update: agent detection manifest update failed for agent agent="qodercli" error=fetch failed: failed to fetch https://herdr.dev/agent-detection/qodercli.toml
2026-08-04T12:24:11.368167Z  WARN herdr::detect::manifest_update: agent detection manifest update failed: failed to fetch https://herdr.dev/agent-detection/index.toml
2026-08-05T13:34:22.908006Z  WARN herdr::detect::manifest_update: agent detection manifest update failed: failed to fetch https://herdr.dev/agent-detection/index.toml
2026-08-05T16:20:45.612915Z  WARN herdr::detect::manifest_update: agent detection manifest update failed for agent agent="cline" error=fetch failed: failed to fetch https://herdr.dev/agent-detection/cline.toml
2026-08-05T16:21:39.787476Z  WARN herdr::detect::manifest_update: agent detection manifest update failed for agent agent="grok" error=fetch failed: failed to fetch https://herdr.dev/agent-detection/grok.toml
2026-08-05T16:22:13.465189Z  WARN herdr::detect::manifest_update: agent detection manifest update failed for agent agent="kimi" error=fetch failed: failed to fetch https://herdr.dev/agent-detection/kimi.toml
2026-08-05T16:22:31.539901Z  WARN herdr::detect::manifest_update: agent detection manifest update failed for agent agent="kiro" error=fetch failed: failed to fetch https://herdr.dev/agent-detection/kiro.toml
2026-08-05T16:23:00.135054Z  WARN herdr::detect::manifest_update: agent detection manifest update failed for agent agent="pi" error=fetch failed: failed to fetch https://herdr.dev/agent-detection/pi.toml
2026-08-05T20:33:47.594961Z  WARN herdr::detect::manifest_update: agent detection manifest update failed: failed to fetch https://herdr.dev/agent-detection/index.toml
2026-08-06T11:09:09.254878Z  WARN herdr::detect::manifest_update: agent detection manifest update failed: failed to fetch https://herdr.dev/agent-detection/index.toml
2026-08-06T12:59:00.785713Z  WARN herdr::detect::manifest_update: agent detection manifest update failed for agent agent="codex" error=fetch failed: failed to fetch https://herdr.dev/agent-detection/codex.toml
2026-08-06T12:59:50.432180Z  WARN herdr::detect::manifest_update: agent detection manifest update failed for agent agent="gemini" error=fetch failed: failed to fetch https://herdr.dev/agent-detection/gemini.toml
2026-08-06T13:00:08.501789Z  WARN herdr::detect::manifest_update: agent detection manifest update failed for agent agent="grok" error=fetch failed: failed to fetch https://herdr.dev/agent-detection/grok.toml
2026-08-06T13:00:24.805805Z  WARN herdr::detect::manifest_update: agent detection manifest update failed for agent agent="hermes" error=TOML parse error at line 51, column 177
   |
51 |   { any = [{ contains = ["enter confirm"] }, { contains = ["enter to confirm"] }, { contains = ["enter send"] }, { contains = ["press enter"] }, { contains = ["↑/↓ selectid = "hermes"
   |                                                                                                                                                                                 ^
invalid array
expected `]`

2026-08-06T13:00:51.432542Z  WARN herdr::detect::manifest_update: agent detection manifest update failed for agent agent="kiro" error=fetch failed: failed to fetch https://herdr.dev/agent-detection/kiro.toml
2026-08-06T18:09:10.721339Z  WARN herdr::detect::manifest_update: agent detection manifest update failed: failed to fetch https://herdr.dev/agent-detection/index.toml
2026-08-07T08:23:47.138251Z  WARN herdr::detect::manifest_update: agent detection manifest update failed for agent agent="droid" error=fetch failed: failed to fetch https://herdr.dev/agent-detection/droid.toml
2026-08-07T10:53:34.147468Z  WARN herdr::detect::manifest_update: agent detection manifest update failed for agent agent="codex" error=TOML parse error at line 56, column 68
   |
56 |   { contains = ["would you like to"], any = [{ contains = ["yes"] }id = "codex"
   |                                                                    ^
invalid array
expected `]`

2026-08-07T14:08:09.470789Z  WARN herdr::detect::manifest_update: agent detection manifest update failed: failed to fetch https://herdr.dev/agent-detection/index.toml
2026-08-07T15:54:41.156448Z  WARN herdr::detect::manifest_update: agent detection manifest update failed for agent agent="hermes" error=fetch failed: failed to fetch https://herdr.dev/agent-detection/hermes.toml
2026-08-07T15:55:55.905402Z  WARN herdr::detect::manifest_update: agent detection manifest update failed for agent agent="qodercli" error=fetch failed: failed to fetch https://herdr.dev/agent-detection/qodercli.toml
2026-08-08T07:52:28.425404Z  WARN herdr::detect::manifest_update: agent detection manifest update failed: failed to fetch https://herdr.dev/agent-detection/index.toml
2026-09-11T21:39:27.544368Z  INFO herdr::platform::macos: raised server file descriptor soft limit previous=256 target=8192
2026-09-11T21:39:27.545373Z  INFO herdr::api::server: api server listening path=/Users/ali/.config/herdr/herdr.sock
2026-09-11T21:39:27.547230Z  WARN herdr::persist::restore: saved pane cwd does not exist, falling back to HOME cwd=/Users/ali/Downloads/MyMac/mock
2026-09-11T21:39:27.547413Z  INFO herdr::logging: spawning pane terminal event="pane.spawn.start" subsystem="pane" outcome="started" pane_id=1 rows=24 cols=80 scrollback_limit_bytes=10000000
2026-09-11T21:39:27.560934Z  INFO herdr::logging: pane child spawned event="pane.spawned" subsystem="pane" outcome="ok" pane_id=1 pid=45145
2026-09-11T21:39:27.561442Z  INFO herdr::logging: spawning pane terminal event="pane.spawn.start" subsystem="pane" outcome="started" pane_id=2 rows=24 cols=80 scrollback_limit_bytes=10000000
2026-09-11T21:39:27.565710Z  INFO herdr::logging: pane child spawned event="pane.spawned" subsystem="pane" outcome="ok" pane_id=2 pid=45146
2026-09-11T21:39:27.566215Z  WARN herdr::persist::restore: saved pane cwd does not exist, falling back to HOME cwd=/Users/ali/Downloads/MyMac/mock
2026-09-11T21:39:27.566390Z  INFO herdr::logging: spawning pane terminal event="pane.spawn.start" subsystem="pane" outcome="started" pane_id=3 rows=24 cols=80 scrollback_limit_bytes=10000000
2026-09-11T21:39:27.570770Z  INFO herdr::logging: pane child spawned event="pane.spawned" subsystem="pane" outcome="ok" pane_id=3 pid=45147
2026-09-11T21:39:27.571011Z  INFO herdr::logging: session restore evaluated event="persist.restore" subsystem="persist" outcome="ok" workspaces=2
2026-09-11T21:39:27.571068Z  INFO herdr::app: using pane scrollback configuration pane_scrollback_limit_bytes=10000000
2026-09-11T21:39:27.608123Z  INFO herdr::logging: checking for updates event="update.check.start" subsystem="update" outcome="started"
2026-09-11T21:39:27.616179Z  INFO herdr::server::headless: restored session already has workspaces; ignoring startup cwd cwd=/Users/ali/.pi/agent/skills
2026-09-11T21:39:27.616628Z  INFO herdr::server::headless: client protocol socket listening path=/Users/ali/.config/herdr/herdr-client.sock
2026-09-11T21:39:27.616693Z  INFO herdr::server::headless: herdr server started api_socket=/Users/ali/.config/herdr/herdr.sock client_socket=/Users/ali/.config/herdr/herdr-client.sock
2026-09-11T21:39:27.616712Z  INFO herdr::logging: herdr starting event="app.startup" subsystem="server" outcome="started" pid=45139
2026-09-11T21:39:27.890210Z  INFO herdr::server::headless: client connected client_id=2 cols=215 rows=61 cell_width_px=0 cell_height_px=0 render_encoding=SemanticFrame
2026-09-11T21:39:28.209618Z  WARN herdr::detect::manifest_update: skipping unknown remote manifest agent agent="muse"
2026-09-11T21:39:28.209636Z  WARN herdr::detect::manifest_update: skipping unknown remote manifest agent agent="qwen"
2026-09-11T21:39:28.283379Z  INFO herdr::logging: update available event="update.available" subsystem="update" outcome="ok" version="0.9.0"
2026-09-11T21:39:29.158358Z  INFO herdr::update: auto-update check: v0.9.0 available through Homebrew, waiting for explicit install
2026-09-11T21:39:30.382409Z  WARN herdr::detect::manifest_update: agent detection manifest update failed for agent agent="codex" error=rule trust_directory uses invalid region: top_non_empty_lines(20)
2026-09-11T21:39:31.768970Z  INFO herdr::logging: tab focused event="tab.focus" subsystem="tab" outcome="ok" workspace_id="w2" tab_id="w2:t1"
2026-09-11T21:39:32.603421Z  INFO herdr::logging: tab focused event="tab.focus" subsystem="tab" outcome="ok" workspace_id="w2" tab_id="w2:t2"
2026-09-11T21:39:33.312483Z  INFO herdr::logging: tab focused event="tab.focus" subsystem="tab" outcome="ok" workspace_id="w2" tab_id="w2:t1"
2026-09-11T21:39:34.557901Z  INFO herdr::logging: tab focused event="tab.focus" subsystem="tab" outcome="ok" workspace_id="w2" tab_id="w2:t2"
2026-09-11T21:39:39.565748Z  INFO herdr::logging: session saved event="persist.save" subsystem="persist" outcome="ok" path=/Users/ali/.config/herdr/session.json workspaces=2
2026-09-11T21:45:33.376016Z  INFO herdr::logging: workspace focused event="workspace.focus" subsystem="workspace" outcome="ok" workspace_id="w3"
2026-09-11T21:45:33.377460Z  INFO herdr::logging: tab focused event="tab.focus" subsystem="tab" outcome="ok" workspace_id="w3" tab_id="w3:t1"
2026-09-11T21:45:34.924675Z  INFO herdr::logging: workspace focused event="workspace.focus" subsystem="workspace" outcome="ok" workspace_id="w2"
2026-09-11T21:45:34.926499Z  INFO herdr::logging: tab focused event="tab.focus" subsystem="tab" outcome="ok" workspace_id="w2" tab_id="w2:t2"
2026-09-11T21:45:39.934384Z  INFO herdr::logging: session saved event="persist.save" subsystem="persist" outcome="ok" path=/Users/ali/.config/herdr/session.json workspaces=2
2026-09-11T21:45:40.085399Z  INFO herdr::logging: tab focused event="tab.focus" subsystem="tab" outcome="ok" workspace_id="w2" tab_id="w2:t1"
2026-09-11T21:45:41.401147Z  INFO herdr::logging: tab focused event="tab.focus" subsystem="tab" outcome="ok" workspace_id="w2" tab_id="w2:t2"
2026-09-11T21:45:46.406810Z  INFO herdr::logging: session saved event="persist.save" subsystem="persist" outcome="ok" path=/Users/ali/.config/herdr/session.json workspaces=2
2026-09-11T21:52:48.077193Z  INFO herdr::server::headless: client disconnected client_id=2
2026-09-11T21:57:59.775958Z  INFO herdr::server::headless: server shutdown initiated
2026-09-11T21:57:59.828608Z  INFO herdr::server::headless: completing server shutdown
2026-09-11T21:57:59.836544Z  INFO herdr::logging: session saved event="persist.save" subsystem="persist" outcome="ok" path=/Users/ali/.config/herdr/session.json workspaces=2
2026-09-11T21:57:59.836607Z  INFO herdr::server::headless: headless server exiting
2026-09-11T21:57:59.852988Z  INFO herdr::logging: pane child exited event="pane.exit" subsystem="pane" outcome="completed" pane_id=2 status="ExitStatus { code: 1, signal: None }"
2026-09-11T21:57:59.860180Z  INFO herdr::pane: pane session terminated pane=2 pid=45146 signal=Hangup
2026-09-11T21:58:00.401763Z  INFO herdr::logging: pane child exited event="pane.exit" subsystem="pane" outcome="completed" pane_id=1 status="ExitStatus { code: 1, signal: Some(\"Killed: 9\") }"
2026-09-11T21:58:00.409741Z  INFO herdr::pane: pane session terminated pane=1 pid=45145 signal=Kill
2026-09-11T21:58:00.942241Z  INFO herdr::logging: pane child exited event="pane.exit" subsystem="pane" outcome="completed" pane_id=3 status="ExitStatus { code: 1, signal: Some(\"Killed: 9\") }"
2026-09-11T21:58:00.963949Z  INFO herdr::pane: pane session terminated pane=3 pid=45147 signal=Kill
2026-09-11T21:58:00.967092Z  INFO herdr::logging: herdr exiting event="app.shutdown" subsystem="server" outcome="completed" pid=45139
2026-09-11T21:58:04.038371Z  INFO herdr::platform::macos: raised server file descriptor soft limit previous=256 target=8192
2026-09-11T21:58:04.039278Z  INFO herdr::api::server: api server listening path=/Users/ali/.config/herdr/herdr.sock
2026-09-11T21:58:04.046961Z  INFO herdr::logging: spawning pane terminal event="pane.spawn.start" subsystem="pane" outcome="started" pane_id=1 rows=24 cols=80 scrollback_limit_bytes=10000000
2026-09-11T21:58:04.055251Z  INFO herdr::logging: pane child spawned event="pane.spawned" subsystem="pane" outcome="ok" pane_id=1 pid=62773
2026-09-11T21:58:04.055880Z  INFO herdr::logging: spawning pane terminal event="pane.spawn.start" subsystem="pane" outcome="started" pane_id=2 rows=24 cols=80 scrollback_limit_bytes=10000000
2026-09-11T21:58:04.057974Z  INFO herdr::logging: pane child spawned event="pane.spawned" subsystem="pane" outcome="ok" pane_id=2 pid=62774
2026-09-11T21:58:04.058366Z  INFO herdr::logging: spawning pane terminal event="pane.spawn.start" subsystem="pane" outcome="started" pane_id=3 rows=24 cols=80 scrollback_limit_bytes=10000000
2026-09-11T21:58:04.060692Z  INFO herdr::logging: pane child spawned event="pane.spawned" subsystem="pane" outcome="ok" pane_id=3 pid=62775
2026-09-11T21:58:04.061081Z  INFO herdr::logging: session restore evaluated event="persist.restore" subsystem="persist" outcome="ok" workspaces=2
2026-09-11T21:58:04.064848Z  INFO herdr::app: using pane scrollback configuration pane_scrollback_limit_bytes=10000000
2026-09-11T21:58:04.113791Z  INFO herdr::logging: checking for updates event="update.check.start" subsystem="update" outcome="started"
2026-09-11T21:58:04.115220Z  INFO herdr::server::headless::bootstrap: restored session already has workspaces; ignoring startup cwd cwd=/Users/ali/.pi/agent/skills
2026-09-11T21:58:04.115514Z  INFO herdr::server::headless: client protocol socket listening path=/Users/ali/.config/herdr/herdr-client.sock
2026-09-11T21:58:04.115694Z  INFO herdr::server::headless::bootstrap: herdr server started api_socket=/Users/ali/.config/herdr/herdr.sock client_socket=/Users/ali/.config/herdr/herdr-client.sock
2026-09-11T21:58:04.116646Z  INFO herdr::logging: herdr starting event="app.startup" subsystem="server" outcome="started" pid=62772
2026-09-11T21:58:04.388185Z  INFO herdr::server::headless: client connected client_id=2 cols=189 rows=60 cell_width_px=16 cell_height_px=34 surface_active=true render_encoding=SemanticFrame
2026-09-11T21:58:06.739350Z  INFO herdr::logging: tab focused event="tab.focus" subsystem="tab" outcome="ok" workspace_id="w2" tab_id="w2:t1"
2026-09-11T21:58:06.739752Z  INFO herdr::logging: tab focused event="tab.focus" subsystem="tab" outcome="ok" workspace_id="w2" tab_id="w2:t1"
2026-09-11T21:58:11.745630Z  INFO herdr::logging: session saved event="persist.save" subsystem="persist" outcome="ok" path=/Users/ali/.config/herdr/session.json workspaces=2
2026-09-11T21:58:40.880220Z  INFO herdr::logging: tab focused event="tab.focus" subsystem="tab" outcome="ok" workspace_id="w2" tab_id="w2:t2"
2026-09-11T21:58:40.880629Z  INFO herdr::logging: tab focused event="tab.focus" subsystem="tab" outcome="ok" workspace_id="w2" tab_id="w2:t2"
2026-09-11T21:58:45.886502Z  INFO herdr::logging: session saved event="persist.save" subsystem="persist" outcome="ok" path=/Users/ali/.config/herdr/session.json workspaces=2
2026-09-11T21:59:01.965719Z  INFO herdr::pane: agent changed pane=2 previous_agent=None agent=Some(Pi) process=pi pgid=Some(64870)
2026-09-11T22:00:05.545215Z  INFO herdr::logging: tab focused event="tab.focus" subsystem="tab" outcome="ok" workspace_id="w2" tab_id="w2:t1"
2026-09-11T22:00:05.545897Z  INFO herdr::logging: tab focused event="tab.focus" subsystem="tab" outcome="ok" workspace_id="w2" tab_id="w2:t1"
2026-09-11T22:00:06.645445Z  INFO herdr::logging: tab focused event="tab.focus" subsystem="tab" outcome="ok" workspace_id="w2" tab_id="w2:t2"
2026-09-11T22:00:06.645527Z  INFO herdr::logging: tab focused event="tab.focus" subsystem="tab" outcome="ok" workspace_id="w2" tab_id="w2:t2"
2026-09-11T22:00:11.649274Z  INFO herdr::logging: session saved event="persist.save" subsystem="persist" outcome="ok" path=/Users/ali/.config/herdr/session.json workspaces=2
2026-09-11T22:10:43.125086Z  INFO herdr::logging: tab focused event="tab.focus" subsystem="tab" outcome="ok" workspace_id="w2" tab_id="w2:t1"
2026-09-11T22:10:43.126676Z  INFO herdr::logging: tab focused event="tab.focus" subsystem="tab" outcome="ok" workspace_id="w2" tab_id="w2:t1"
2026-09-11T22:10:48.134585Z  INFO herdr::logging: session saved event="persist.save" subsystem="persist" outcome="ok" path=/Users/ali/.config/herdr/session.json workspaces=2
2026-09-11T22:10:58.191244Z  INFO herdr::pane: agent changed pane=1 previous_agent=None agent=Some(Codex) process=codex pgid=Some(71777)
2026-09-11T22:11:16.506193Z  INFO herdr::logging: tab focused event="tab.focus" subsystem="tab" outcome="ok" workspace_id="w2" tab_id="w2:t2"
2026-09-11T22:11:16.506530Z  INFO herdr::logging: tab focused event="tab.focus" subsystem="tab" outcome="ok" workspace_id="w2" tab_id="w2:t2"
2026-09-11T22:11:18.690844Z  INFO herdr::logging: tab focused event="tab.focus" subsystem="tab" outcome="ok" workspace_id="w2" tab_id="w2:t1"
2026-09-11T22:11:18.690968Z  INFO herdr::logging: tab focused event="tab.focus" subsystem="tab" outcome="ok" workspace_id="w2" tab_id="w2:t1"
2026-09-11T22:11:23.703263Z  INFO herdr::logging: session saved event="persist.save" subsystem="persist" outcome="ok" path=/Users/ali/.config/herdr/session.json workspaces=2
2026-09-11T22:22:06.582934Z  INFO herdr::pane: agent changed pane=1 previous_agent=Some(Codex) agent=None pgid=Some(62773)
2026-09-11T22:28:04.125681Z  INFO herdr::logging: checking for updates event="update.check.start" subsystem="update" outcome="started"
2026-09-11T22:28:22.211680Z  WARN herdr::logging: update check failed event="update.check.complete" subsystem="update" outcome="error" err="failed to fetch Homebrew formula JSON"
2026-09-11T22:28:22.218243Z  WARN herdr::detect::manifest_update: agent detection manifest update failed: failed to fetch https://herdr.dev/agent-detection/index.toml
2026-09-11T22:57:41.617857Z  INFO herdr::pane: agent changed pane=1 previous_agent=None agent=Some(Codex) process=codex pgid=Some(91765)
2026-09-11T22:58:01.394668Z  INFO herdr::logging: tab focused event="tab.focus" subsystem="tab" outcome="ok" workspace_id="w2" tab_id="w2:t2"
2026-09-11T22:58:01.394971Z  INFO herdr::logging: tab focused event="tab.focus" subsystem="tab" outcome="ok" workspace_id="w2" tab_id="w2:t2"
2026-09-11T22:58:04.786950Z  INFO herdr::logging: spawning pane terminal event="pane.spawn.start" subsystem="pane" outcome="started" pane_id=4 rows=60 cols=189 scrollback_limit_bytes=10000000
2026-09-11T22:58:04.798317Z  INFO herdr::logging: pane child spawned event="pane.spawned" subsystem="pane" outcome="ok" pane_id=4 pid=91980
2026-09-11T22:58:04.799266Z  INFO herdr::logging: tab focused event="tab.focus" subsystem="tab" outcome="ok" workspace_id="w2" tab_id="w2:t3"
2026-09-11T22:58:09.804334Z  INFO herdr::logging: session saved event="persist.save" subsystem="persist" outcome="ok" path=/Users/ali/.config/herdr/session.json workspaces=2
2026-09-11T23:03:05.227604Z  INFO herdr::pane: agent changed pane=1 previous_agent=Some(Codex) agent=None pgid=Some(62773)
2026-09-11T23:03:22.978982Z  INFO herdr::logging: tab focused event="tab.focus" subsystem="tab" outcome="ok" workspace_id="w2" tab_id="w2:t2"
2026-09-11T23:03:22.979562Z  INFO herdr::logging: tab focused event="tab.focus" subsystem="tab" outcome="ok" workspace_id="w2" tab_id="w2:t2"
2026-09-11T23:03:27.987916Z  INFO herdr::logging: session saved event="persist.save" subsystem="persist" outcome="ok" path=/Users/ali/.config/herdr/session.json workspaces=2
2026-09-11T23:08:51.857001Z  INFO herdr::logging: checking for updates event="update.check.start" subsystem="update" outcome="started"
2026-09-11T23:09:09.921900Z  WARN herdr::detect::manifest_update: agent detection manifest update failed: failed to fetch https://herdr.dev/agent-detection/index.toml
2026-09-11T23:09:09.922885Z  WARN herdr::logging: update check failed event="update.check.complete" subsystem="update" outcome="error" err="failed to fetch Homebrew formula JSON"
2026-09-11T23:38:51.863564Z  INFO herdr::logging: checking for updates event="update.check.start" subsystem="update" outcome="started"
2026-09-11T23:43:14.504982Z  INFO herdr::logging: tab focused event="tab.focus" subsystem="tab" outcome="ok" workspace_id="w2" tab_id="w2:t3"
2026-09-11T23:43:14.506070Z  INFO herdr::logging: tab focused event="tab.focus" subsystem="tab" outcome="ok" workspace_id="w2" tab_id="w2:t3"
2026-09-11T23:43:19.514947Z  INFO herdr::logging: session saved event="persist.save" subsystem="persist" outcome="ok" path=/Users/ali/.config/herdr/session.json workspaces=2
2026-09-11T23:43:20.388640Z  INFO herdr::pane: agent changed pane=4 previous_agent=None agent=Some(Pi) process=pi pgid=Some(25899)
2026-09-11T23:43:21.058435Z  INFO herdr::logging: tab focused event="tab.focus" subsystem="tab" outcome="ok" workspace_id="w2" tab_id="w2:t1"
2026-09-11T23:43:21.058483Z  INFO herdr::logging: tab focused event="tab.focus" subsystem="tab" outcome="ok" workspace_id="w2" tab_id="w2:t1"
2026-09-11T23:43:26.061095Z  INFO herdr::logging: session saved event="persist.save" subsystem="persist" outcome="ok" path=/Users/ali/.config/herdr/session.json workspaces=2
2026-09-11T23:43:26.990722Z  INFO herdr::pane: agent changed pane=1 previous_agent=None agent=Some(Codex) process=codex pgid=Some(25986)
2026-09-11T23:44:03.122537Z  INFO herdr::logging: tab focused event="tab.focus" subsystem="tab" outcome="ok" workspace_id="w2" tab_id="w2:t2"
2026-09-11T23:44:03.125198Z  INFO herdr::logging: tab focused event="tab.focus" subsystem="tab" outcome="ok" workspace_id="w2" tab_id="w2:t2"
2026-09-11T23:44:06.985018Z  INFO herdr::logging: tab focused event="tab.focus" subsystem="tab" outcome="ok" workspace_id="w2" tab_id="w2:t3"
2026-09-11T23:44:06.985073Z  INFO herdr::logging: tab focused event="tab.focus" subsystem="tab" outcome="ok" workspace_id="w2" tab_id="w2:t3"
2026-09-11T23:44:11.989487Z  INFO herdr::logging: session saved event="persist.save" subsystem="persist" outcome="ok" path=/Users/ali/.config/herdr/session.json workspaces=2
2026-09-11T23:44:40.480258Z  INFO herdr::logging: tab focused event="tab.focus" subsystem="tab" outcome="ok" workspace_id="w2" tab_id="w2:t2"
2026-09-11T23:44:40.481601Z  INFO herdr::logging: tab focused event="tab.focus" subsystem="tab" outcome="ok" workspace_id="w2" tab_id="w2:t2"
2026-09-11T23:44:45.494258Z  INFO herdr::logging: session saved event="persist.save" subsystem="persist" outcome="ok" path=/Users/ali/.config/herdr/session.json workspaces=2
2026-09-11T23:47:12.576724Z  INFO herdr::logging: tab focused event="tab.focus" subsystem="tab" outcome="ok" workspace_id="w2" tab_id="w2:t3"
2026-09-11T23:47:12.578741Z  INFO herdr::logging: tab focused event="tab.focus" subsystem="tab" outcome="ok" workspace_id="w2" tab_id="w2:t3"
2026-09-11T23:47:14.098624Z  INFO herdr::logging: tab focused event="tab.focus" subsystem="tab" outcome="ok" workspace_id="w2" tab_id="w2:t2"
2026-09-11T23:47:14.098783Z  INFO herdr::logging: tab focused event="tab.focus" subsystem="tab" outcome="ok" workspace_id="w2" tab_id="w2:t2"
2026-09-11T23:47:19.104649Z  INFO herdr::logging: session saved event="persist.save" subsystem="persist" outcome="ok" path=/Users/ali/.config/herdr/session.json workspaces=2
2026-09-11T23:48:33.572894Z  INFO herdr::logging: spawning pane terminal event="pane.spawn.start" subsystem="pane" outcome="started" pane_id=5 rows=60 cols=189 scrollback_limit_bytes=10000000
2026-09-11T23:48:33.588358Z  INFO herdr::logging: pane child spawned event="pane.spawned" subsystem="pane" outcome="ok" pane_id=5 pid=29924
2026-09-11T23:48:33.589246Z  INFO herdr::logging: tab focused event="tab.focus" subsystem="tab" outcome="ok" workspace_id="w2" tab_id="w2:t4"
2026-09-11T23:48:38.596902Z  INFO herdr::logging: session saved event="persist.save" subsystem="persist" outcome="ok" path=/Users/ali/.config/herdr/session.json workspaces=2
2026-09-11T23:49:39.237160Z  INFO herdr::logging: tab focused event="tab.focus" subsystem="tab" outcome="ok" workspace_id="w2" tab_id="w2:t2"
2026-09-11T23:49:39.238322Z  INFO herdr::logging: tab focused event="tab.focus" subsystem="tab" outcome="ok" workspace_id="w2" tab_id="w2:t2"
2026-09-11T23:49:44.244272Z  INFO herdr::logging: session saved event="persist.save" subsystem="persist" outcome="ok" path=/Users/ali/.config/herdr/session.json workspaces=2
2026-09-11T23:51:08.298343Z  INFO herdr::logging: tab focused event="tab.focus" subsystem="tab" outcome="ok" workspace_id="w2" tab_id="w2:t4"
2026-09-11T23:51:08.299473Z  INFO herdr::logging: tab focused event="tab.focus" subsystem="tab" outcome="ok" workspace_id="w2" tab_id="w2:t4"
2026-09-11T23:51:11.504399Z  INFO herdr::logging: tab focused event="tab.focus" subsystem="tab" outcome="ok" workspace_id="w2" tab_id="w2:t3"
2026-09-11T23:51:11.504636Z  INFO herdr::logging: tab focused event="tab.focus" subsystem="tab" outcome="ok" workspace_id="w2" tab_id="w2:t3"
2026-09-11T23:51:16.509645Z  INFO herdr::logging: session saved event="persist.save" subsystem="persist" outcome="ok" path=/Users/ali/.config/herdr/session.json workspaces=2
2026-09-11T23:51:25.466899Z  INFO herdr::logging: tab focused event="tab.focus" subsystem="tab" outcome="ok" workspace_id="w2" tab_id="w2:t1"
2026-09-11T23:51:25.467109Z  INFO herdr::logging: tab focused event="tab.focus" subsystem="tab" outcome="ok" workspace_id="w2" tab_id="w2:t1"
2026-09-11T23:51:29.502122Z  INFO herdr::logging: tab focused event="tab.focus" subsystem="tab" outcome="ok" workspace_id="w2" tab_id="w2:t2"
2026-09-11T23:51:29.503118Z  INFO herdr::logging: tab focused event="tab.focus" subsystem="tab" outcome="ok" workspace_id="w2" tab_id="w2:t2"
2026-09-11T23:51:34.506037Z  INFO herdr::logging: session saved event="persist.save" subsystem="persist" outcome="ok" path=/Users/ali/.config/herdr/session.json workspaces=2
2026-09-11T23:51:47.511761Z  INFO herdr::logging: tab focused event="tab.focus" subsystem="tab" outcome="ok" workspace_id="w2" tab_id="w2:t3"
2026-09-11T23:51:47.512004Z  INFO herdr::logging: tab focused event="tab.focus" subsystem="tab" outcome="ok" workspace_id="w2" tab_id="w2:t3"
2026-09-11T23:51:52.515652Z  INFO herdr::logging: session saved event="persist.save" subsystem="persist" outcome="ok" path=/Users/ali/.config/herdr/session.json workspaces=2
2026-09-11T23:52:14.517219Z  INFO herdr::logging: tab focused event="tab.focus" subsystem="tab" outcome="ok" workspace_id="w2" tab_id="w2:t4"
2026-09-11T23:52:14.517561Z  INFO herdr::logging: tab focused event="tab.focus" subsystem="tab" outcome="ok" workspace_id="w2" tab_id="w2:t4"
2026-09-11T23:52:19.521150Z  INFO herdr::logging: session saved event="persist.save" subsystem="persist" outcome="ok" path=/Users/ali/.config/herdr/session.json workspaces=2
2026-09-11T23:52:22.560132Z  INFO herdr::logging: tab focused event="tab.focus" subsystem="tab" outcome="ok" workspace_id="w2" tab_id="w2:t3"
2026-09-11T23:52:22.560256Z  INFO herdr::logging: tab focused event="tab.focus" subsystem="tab" outcome="ok" workspace_id="w2" tab_id="w2:t3"
2026-09-11T23:52:27.565349Z  INFO herdr::logging: session saved event="persist.save" subsystem="persist" outcome="ok" path=/Users/ali/.config/herdr/session.json workspaces=2
2026-09-11T23:52:30.524508Z  INFO herdr::logging: tab focused event="tab.focus" subsystem="tab" outcome="ok" workspace_id="w2" tab_id="w2:t4"
2026-09-11T23:52:30.524598Z  INFO herdr::logging: tab focused event="tab.focus" subsystem="tab" outcome="ok" workspace_id="w2" tab_id="w2:t4"
2026-09-11T23:52:32.446519Z  INFO herdr::pane: agent changed pane=5 previous_agent=None agent=Some(Pi) process=pi pgid=Some(33144)
2026-09-11T23:52:35.529547Z  INFO herdr::logging: session saved event="persist.save" subsystem="persist" outcome="ok" path=/Users/ali/.config/herdr/session.json workspaces=2
2026-09-11T23:52:36.657977Z  INFO herdr::logging: tab focused event="tab.focus" subsystem="tab" outcome="ok" workspace_id="w2" tab_id="w2:t2"
2026-09-11T23:52:36.658117Z  INFO herdr::logging: tab focused event="tab.focus" subsystem="tab" outcome="ok" workspace_id="w2" tab_id="w2:t2"
2026-09-11T23:52:40.678671Z  INFO herdr::logging: tab focused event="tab.focus" subsystem="tab" outcome="ok" workspace_id="w2" tab_id="w2:t4"
2026-09-11T23:52:40.678897Z  INFO herdr::logging: tab focused event="tab.focus" subsystem="tab" outcome="ok" workspace_id="w2" tab_id="w2:t4"
2026-09-11T23:52:42.449410Z  INFO herdr::logging: tab focused event="tab.focus" subsystem="tab" outcome="ok" workspace_id="w2" tab_id="w2:t2"
2026-09-11T23:52:42.449452Z  INFO herdr::logging: tab focused event="tab.focus" subsystem="tab" outcome="ok" workspace_id="w2" tab_id="w2:t2"
2026-09-11T23:52:47.425057Z  INFO herdr::logging: tab focused event="tab.focus" subsystem="tab" outcome="ok" workspace_id="w2" tab_id="w2:t4"
2026-09-11T23:52:47.425262Z  INFO herdr::logging: tab focused event="tab.focus" subsystem="tab" outcome="ok" workspace_id="w2" tab_id="w2:t4"
2026-09-11T23:52:52.427751Z  INFO herdr::logging: session saved event="persist.save" subsystem="persist" outcome="ok" path=/Users/ali/.config/herdr/session.json workspaces=2
2026-09-11T23:52:53.003763Z  INFO herdr::pane: agent changed pane=5 previous_agent=Some(Pi) agent=None pgid=Some(29924)
2026-09-11T23:54:19.429196Z  INFO herdr::logging: tab focused event="tab.focus" subsystem="tab" outcome="ok" workspace_id="w2" tab_id="w2:t3"
2026-09-11T23:54:19.431473Z  INFO herdr::logging: tab focused event="tab.focus" subsystem="tab" outcome="ok" workspace_id="w2" tab_id="w2:t3"
2026-09-11T23:54:24.435194Z  INFO herdr::logging: session saved event="persist.save" subsystem="persist" outcome="ok" path=/Users/ali/.config/herdr/session.json workspaces=2
2026-09-11T23:55:42.563032Z  INFO herdr::logging: tab focused event="tab.focus" subsystem="tab" outcome="ok" workspace_id="w2" tab_id="w2:t2"
2026-09-11T23:55:42.565018Z  INFO herdr::logging: tab focused event="tab.focus" subsystem="tab" outcome="ok" workspace_id="w2" tab_id="w2:t2"
2026-09-11T23:55:47.568408Z  INFO herdr::logging: session saved event="persist.save" subsystem="persist" outcome="ok" path=/Users/ali/.config/herdr/session.json workspaces=2
2026-09-12T00:01:00.834143Z  INFO herdr::logging: tab focused event="tab.focus" subsystem="tab" outcome="ok" workspace_id="w2" tab_id="w2:t4"
2026-09-12T00:01:00.835576Z  INFO herdr::logging: tab focused event="tab.focus" subsystem="tab" outcome="ok" workspace_id="w2" tab_id="w2:t4"
2026-09-12T00:01:05.911619Z  INFO herdr::logging: session saved event="persist.save" subsystem="persist" outcome="ok" path=/Users/ali/.config/herdr/session.json workspaces=2
2026-09-12T00:01:37.694571Z  INFO herdr::logging: tab focused event="tab.focus" subsystem="tab" outcome="ok" workspace_id="w2" tab_id="w2:t3"
2026-09-12T00:01:37.695883Z  INFO herdr::logging: tab focused event="tab.focus" subsystem="tab" outcome="ok" workspace_id="w2" tab_id="w2:t3"
2026-09-12T00:01:42.700410Z  INFO herdr::logging: session saved event="persist.save" subsystem="persist" outcome="ok" path=/Users/ali/.config/herdr/session.json workspaces=2
2026-09-12T00:01:48.244952Z  INFO herdr::logging: tab focused event="tab.focus" subsystem="tab" outcome="ok" workspace_id="w2" tab_id="w2:t2"
2026-09-12T00:01:48.245257Z  INFO herdr::logging: tab focused event="tab.focus" subsystem="tab" outcome="ok" workspace_id="w2" tab_id="w2:t2"
2026-09-12T00:01:53.249701Z  INFO herdr::logging: session saved event="persist.save" subsystem="persist" outcome="ok" path=/Users/ali/.config/herdr/session.json workspaces=2
2026-09-12T00:06:08.664408Z  INFO herdr::logging: tab focused event="tab.focus" subsystem="tab" outcome="ok" workspace_id="w2" tab_id="w2:t3"
2026-09-12T00:06:08.666313Z  INFO herdr::logging: tab focused event="tab.focus" subsystem="tab" outcome="ok" workspace_id="w2" tab_id="w2:t3"
2026-09-12T00:06:13.675694Z  INFO herdr::logging: session saved event="persist.save" subsystem="persist" outcome="ok" path=/Users/ali/.config/herdr/session.json workspaces=2
2026-09-12T00:07:05.712187Z  INFO herdr::logging: tab focused event="tab.focus" subsystem="tab" outcome="ok" workspace_id="w2" tab_id="w2:t2"
2026-09-12T00:07:05.713662Z  INFO herdr::logging: tab focused event="tab.focus" subsystem="tab" outcome="ok" workspace_id="w2" tab_id="w2:t2"
2026-09-12T00:07:07.563783Z  INFO herdr::logging: tab focused event="tab.focus" subsystem="tab" outcome="ok" workspace_id="w2" tab_id="w2:t1"
2026-09-12T00:07:07.563944Z  INFO herdr::logging: tab focused event="tab.focus" subsystem="tab" outcome="ok" workspace_id="w2" tab_id="w2:t1"
2026-09-12T00:07:08.892264Z  INFO herdr::logging: tab focused event="tab.focus" subsystem="tab" outcome="ok" workspace_id="w2" tab_id="w2:t2"
2026-09-12T00:07:08.892371Z  INFO herdr::logging: tab focused event="tab.focus" subsystem="tab" outcome="ok" workspace_id="w2" tab_id="w2:t2"
2026-09-12T00:07:09.572153Z  INFO herdr::logging: tab focused event="tab.focus" subsystem="tab" outcome="ok" workspace_id="w2" tab_id="w2:t3"
2026-09-12T00:07:09.572206Z  INFO herdr::logging: tab focused event="tab.focus" subsystem="tab" outcome="ok" workspace_id="w2" tab_id="w2:t3"
2026-09-12T00:07:10.355208Z  INFO herdr::logging: tab focused event="tab.focus" subsystem="tab" outcome="ok" workspace_id="w2" tab_id="w2:t4"
2026-09-12T00:07:10.355281Z  INFO herdr::logging: tab focused event="tab.focus" subsystem="tab" outcome="ok" workspace_id="w2" tab_id="w2:t4"
2026-09-12T00:07:11.040766Z  INFO herdr::logging: tab focused event="tab.focus" subsystem="tab" outcome="ok" workspace_id="w2" tab_id="w2:t1"
2026-09-12T00:07:11.040923Z  INFO herdr::logging: tab focused event="tab.focus" subsystem="tab" outcome="ok" workspace_id="w2" tab_id="w2:t1"
2026-09-12T00:07:13.177008Z  INFO herdr::logging: tab focused event="tab.focus" subsystem="tab" outcome="ok" workspace_id="w2" tab_id="w2:t2"
2026-09-12T00:07:13.177625Z  INFO herdr::logging: tab focused event="tab.focus" subsystem="tab" outcome="ok" workspace_id="w2" tab_id="w2:t2"
2026-09-12T00:07:18.183344Z  INFO herdr::logging: session saved event="persist.save" subsystem="persist" outcome="ok" path=/Users/ali/.config/herdr/session.json workspaces=2
2026-09-12T00:07:19.119467Z  INFO herdr::logging: tab focused event="tab.focus" subsystem="tab" outcome="ok" workspace_id="w2" tab_id="w2:t3"
2026-09-12T00:07:19.119613Z  INFO herdr::logging: tab focused event="tab.focus" subsystem="tab" outcome="ok" workspace_id="w2" tab_id="w2:t3"
2026-09-12T00:07:24.122865Z  INFO herdr::logging: session saved event="persist.save" subsystem="persist" outcome="ok" path=/Users/ali/.config/herdr/session.json workspaces=2
2026-09-12T00:07:24.904274Z  INFO herdr::logging: tab focused event="tab.focus" subsystem="tab" outcome="ok" workspace_id="w2" tab_id="w2:t1"
2026-09-12T00:07:24.904327Z  INFO herdr::logging: tab focused event="tab.focus" subsystem="tab" outcome="ok" workspace_id="w2" tab_id="w2:t1"
2026-09-12T00:07:29.907037Z  INFO herdr::logging: session saved event="persist.save" subsystem="persist" outcome="ok" path=/Users/ali/.config/herdr/session.json workspaces=2
2026-09-12T00:08:51.875568Z  INFO herdr::logging: checking for updates event="update.check.start" subsystem="update" outcome="started"
2026-09-12T00:11:08.913537Z  INFO herdr::logging: tab focused event="tab.focus" subsystem="tab" outcome="ok" workspace_id="w2" tab_id="w2:t2"
2026-09-12T00:11:08.915378Z  INFO herdr::logging: tab focused event="tab.focus" subsystem="tab" outcome="ok" workspace_id="w2" tab_id="w2:t2"
2026-09-12T00:11:13.925481Z  INFO herdr::logging: session saved event="persist.save" subsystem="persist" outcome="ok" path=/Users/ali/.config/herdr/session.json workspaces=2
2026-09-12T05:37:41.932853Z  INFO herdr::logging: checking for updates event="update.check.start" subsystem="update" outcome="started"
2026-09-12T06:07:41.937866Z  INFO herdr::logging: checking for updates event="update.check.start" subsystem="update" outcome="started"
2026-09-12T06:08:19.529280Z  WARN herdr::detect::manifest_update: agent detection manifest update failed for agent agent="amp" error=fetch failed: failed to fetch https://herdr.dev/agent-detection/amp.toml
2026-09-12T06:09:17.966371Z  WARN herdr::detect::manifest_update: agent detection manifest update failed for agent agent="grok" error=TOML parse error at line 29, column 1
   |
29 | version = "2026.07.16.1"
   | ^
duplicate key `version` in document root

2026-09-12T06:37:41.941381Z  INFO herdr::logging: checking for updates event="update.check.start" subsystem="update" outcome="started"
2026-09-12T07:07:41.948752Z  INFO herdr::logging: checking for updates event="update.check.start" subsystem="update" outcome="started"
2026-09-12T07:37:41.950617Z  INFO herdr::logging: checking for updates event="update.check.start" subsystem="update" outcome="started"
2026-09-12T07:45:33.846914Z  INFO herdr::logging: tab focused event="tab.focus" subsystem="tab" outcome="ok" workspace_id="w2" tab_id="w2:t3"
2026-09-12T07:45:33.848510Z  INFO herdr::logging: tab focused event="tab.focus" subsystem="tab" outcome="ok" workspace_id="w2" tab_id="w2:t3"
2026-09-12T07:45:38.856310Z  INFO herdr::logging: session saved event="persist.save" subsystem="persist" outcome="ok" path=/Users/ali/.config/herdr/session.json workspaces=2
2026-09-12T07:45:43.861650Z  INFO herdr::logging: tab focused event="tab.focus" subsystem="tab" outcome="ok" workspace_id="w2" tab_id="w2:t2"
2026-09-12T07:45:43.862023Z  INFO herdr::logging: tab focused event="tab.focus" subsystem="tab" outcome="ok" workspace_id="w2" tab_id="w2:t2"
2026-09-12T07:45:48.870261Z  INFO herdr::logging: session saved event="persist.save" subsystem="persist" outcome="ok" path=/Users/ali/.config/herdr/session.json workspaces=2
2026-09-12T07:45:51.619868Z  INFO herdr::logging: tab focused event="tab.focus" subsystem="tab" outcome="ok" workspace_id="w2" tab_id="w2:t1"
2026-09-12T07:45:51.620839Z  INFO herdr::logging: tab focused event="tab.focus" subsystem="tab" outcome="ok" workspace_id="w2" tab_id="w2:t1"
2026-09-12T07:45:56.624139Z  INFO herdr::logging: session saved event="persist.save" subsystem="persist" outcome="ok" path=/Users/ali/.config/herdr/session.json workspaces=2
2026-09-12T07:53:46.702971Z  INFO herdr::logging: tab focused event="tab.focus" subsystem="tab" outcome="ok" workspace_id="w2" tab_id="w2:t4"
2026-09-12T07:53:46.704489Z  INFO herdr::logging: tab focused event="tab.focus" subsystem="tab" outcome="ok" workspace_id="w2" tab_id="w2:t4"
2026-09-12T07:53:51.712824Z  INFO herdr::logging: session saved event="persist.save" subsystem="persist" outcome="ok" path=/Users/ali/.config/herdr/session.json workspaces=2
2026-09-12T07:53:52.031057Z  INFO herdr::pane: agent changed pane=5 previous_agent=None agent=Some(Pi) process=pi pgid=Some(85463)
2026-09-12T08:07:41.956736Z  INFO herdr::logging: checking for updates event="update.check.start" subsystem="update" outcome="started"
2026-09-12T09:15:59.424564Z  INFO herdr::logging: tab focused event="tab.focus" subsystem="tab" outcome="ok" workspace_id="w2" tab_id="w2:t2"
2026-09-12T09:15:59.426834Z  INFO herdr::logging: tab focused event="tab.focus" subsystem="tab" outcome="ok" workspace_id="w2" tab_id="w2:t2"
2026-09-12T09:16:04.434415Z  INFO herdr::logging: session saved event="persist.save" subsystem="persist" outcome="ok" path=/Users/ali/.config/herdr/session.json workspaces=2
2026-09-12T09:18:51.481936Z  INFO herdr::logging: checking for updates event="update.check.start" subsystem="update" outcome="started"
2026-09-12T09:50:04.668911Z  INFO herdr::logging: checking for updates event="update.check.start" subsystem="update" outcome="started"
2026-09-12T10:02:31.938892Z  INFO herdr::server::headless: client detached client_id=2
2026-09-12T11:55:09.737048Z  INFO herdr::platform::macos: raised server file descriptor soft limit previous=256 target=8192
2026-09-12T11:55:09.737985Z  INFO herdr::api::server: api server listening path=/Users/ali/.config/herdr/herdr.sock
2026-09-12T11:55:09.742856Z  INFO herdr::logging: spawning pane terminal event="pane.spawn.start" subsystem="pane" outcome="started" pane_id=1 rows=24 cols=80 scrollback_limit_bytes=10000000
2026-09-12T11:55:09.754577Z  INFO herdr::logging: pane child spawned event="pane.spawned" subsystem="pane" outcome="ok" pane_id=1 pid=48442
2026-09-12T11:55:09.755129Z  INFO herdr::logging: spawning pane terminal event="pane.spawn.start" subsystem="pane" outcome="started" pane_id=2 rows=24 cols=80 scrollback_limit_bytes=10000000
2026-09-12T11:55:09.757333Z  INFO herdr::logging: pane child spawned event="pane.spawned" subsystem="pane" outcome="ok" pane_id=2 pid=48443
2026-09-12T11:55:09.757500Z  INFO herdr::logging: spawning pane terminal event="pane.spawn.start" subsystem="pane" outcome="started" pane_id=3 rows=24 cols=80 scrollback_limit_bytes=10000000
2026-09-12T11:55:09.760577Z  INFO herdr::logging: pane child spawned event="pane.spawned" subsystem="pane" outcome="ok" pane_id=3 pid=48444
2026-09-12T11:55:09.760734Z  INFO herdr::logging: spawning pane terminal event="pane.spawn.start" subsystem="pane" outcome="started" pane_id=4 rows=24 cols=80 scrollback_limit_bytes=10000000
2026-09-12T11:55:09.762916Z  INFO herdr::logging: pane child spawned event="pane.spawned" subsystem="pane" outcome="ok" pane_id=4 pid=48445
2026-09-12T11:55:09.818926Z  INFO herdr::logging: spawning pane terminal event="pane.spawn.start" subsystem="pane" outcome="started" pane_id=5 rows=24 cols=80 scrollback_limit_bytes=10000000
2026-09-12T11:55:09.821250Z  INFO herdr::logging: pane child spawned event="pane.spawned" subsystem="pane" outcome="ok" pane_id=5 pid=48458
2026-09-12T11:55:09.821443Z  INFO herdr::logging: session restore evaluated event="persist.restore" subsystem="persist" outcome="ok" workspaces=2
2026-09-12T11:55:09.821838Z  INFO herdr::app: using pane scrollback configuration pane_scrollback_limit_bytes=10000000
2026-09-12T11:55:09.867001Z  INFO herdr::logging: checking for updates event="update.check.start" subsystem="update" outcome="started"
2026-09-12T11:55:09.868984Z  INFO herdr::server::headless::bootstrap: restored session already has workspaces; ignoring startup cwd cwd=/Users/ali
2026-09-12T11:55:09.869464Z  INFO herdr::server::headless: client protocol socket listening path=/Users/ali/.config/herdr/herdr-client.sock
2026-09-12T11:55:09.869521Z  INFO herdr::server::headless::bootstrap: herdr server started api_socket=/Users/ali/.config/herdr/herdr.sock client_socket=/Users/ali/.config/herdr/herdr-client.sock
2026-09-12T11:55:09.870307Z  INFO herdr::logging: herdr starting event="app.startup" subsystem="server" outcome="started" pid=48439
2026-09-12T11:55:10.141727Z  INFO herdr::server::headless: client connected client_id=2 cols=189 rows=60 cell_width_px=16 cell_height_px=34 surface_active=true render_encoding=SemanticFrame
2026-09-12T11:55:12.992511Z  INFO herdr::logging: tab focused event="tab.focus" subsystem="tab" outcome="ok" workspace_id="w2" tab_id="w2:t1"
2026-09-12T11:55:12.992994Z  INFO herdr::logging: tab focused event="tab.focus" subsystem="tab" outcome="ok" workspace_id="w2" tab_id="w2:t1"
2026-09-12T11:55:18.001047Z  INFO herdr::logging: session saved event="persist.save" subsystem="persist" outcome="ok" path=/Users/ali/.config/herdr/session.json workspaces=2
2026-09-12T12:25:09.873340Z  INFO herdr::logging: checking for updates event="update.check.start" subsystem="update" outcome="started"
2026-09-12T12:32:04.275451Z  INFO herdr::logging: tab focused event="tab.focus" subsystem="tab" outcome="ok" workspace_id="w2" tab_id="w2:t2"
2026-09-12T12:32:04.276845Z  INFO herdr::logging: tab focused event="tab.focus" subsystem="tab" outcome="ok" workspace_id="w2" tab_id="w2:t2"
2026-09-12T12:32:09.285046Z  INFO herdr::logging: session saved event="persist.save" subsystem="persist" outcome="ok" path=/Users/ali/.config/herdr/session.json workspaces=2
2026-09-12T12:32:53.717966Z  INFO herdr::logging: tab focused event="tab.focus" subsystem="tab" outcome="ok" workspace_id="w2" tab_id="w2:t1"
2026-09-12T12:32:53.719028Z  INFO herdr::logging: tab focused event="tab.focus" subsystem="tab" outcome="ok" workspace_id="w2" tab_id="w2:t1"
2026-09-12T12:32:58.725656Z  INFO herdr::logging: session saved event="persist.save" subsystem="persist" outcome="ok" path=/Users/ali/.config/herdr/session.json workspaces=2
2026-09-12T12:55:09.876809Z  INFO herdr::logging: checking for updates event="update.check.start" subsystem="update" outcome="started"
2026-09-12T13:25:09.883834Z  INFO herdr::logging: checking for updates event="update.check.start" subsystem="update" outcome="started"
2026-09-12T13:55:09.890401Z  INFO herdr::logging: checking for updates event="update.check.start" subsystem="update" outcome="started"
2026-09-12T14:25:09.895924Z  INFO herdr::logging: checking for updates event="update.check.start" subsystem="update" outcome="started"
2026-09-12T15:48:58.753186Z  INFO herdr::logging: checking for updates event="update.check.start" subsystem="update" outcome="started"
2026-09-12T16:35:38.751818Z  INFO herdr::logging: checking for updates event="update.check.start" subsystem="update" outcome="started"
2026-09-12T17:05:38.754782Z  INFO herdr::logging: checking for updates event="update.check.start" subsystem="update" outcome="started"
2026-09-12T17:35:38.761226Z  INFO herdr::logging: checking for updates event="update.check.start" subsystem="update" outcome="started"
2026-09-12T18:05:38.767054Z  INFO herdr::logging: checking for updates event="update.check.start" subsystem="update" outcome="started"
2026-09-12T18:35:38.772343Z  INFO herdr::logging: checking for updates event="update.check.start" subsystem="update" outcome="started"
2026-09-12T19:05:38.777101Z  INFO herdr::logging: checking for updates event="update.check.start" subsystem="update" outcome="started"
2026-09-12T19:35:38.776564Z  INFO herdr::logging: checking for updates event="update.check.start" subsystem="update" outcome="started"
2026-09-12T20:10:40.515369Z  INFO herdr::logging: checking for updates event="update.check.start" subsystem="update" outcome="started"
2026-09-12T20:40:40.519978Z  INFO herdr::logging: checking for updates event="update.check.start" subsystem="update" outcome="started"
2026-09-12T21:13:29.570577Z  INFO herdr::logging: checking for updates event="update.check.start" subsystem="update" outcome="started"
2026-09-12T21:30:15.688216Z  INFO herdr::logging: spawning pane terminal event="pane.spawn.start" subsystem="pane" outcome="started" pane_id=6 rows=60 cols=189 scrollback_limit_bytes=10000000
2026-09-12T21:30:15.704792Z  INFO herdr::logging: pane child spawned event="pane.spawned" subsystem="pane" outcome="ok" pane_id=6 pid=12795
2026-09-12T21:30:15.705613Z  INFO herdr::logging: tab focused event="tab.focus" subsystem="tab" outcome="ok" workspace_id="w2" tab_id="w2:t5"
2026-09-12T21:30:20.713684Z  INFO herdr::logging: session saved event="persist.save" subsystem="persist" outcome="ok" path=/Users/ali/.config/herdr/session.json workspaces=2
2026-09-12T21:52:36.095629Z  INFO herdr::logging: checking for updates event="update.check.start" subsystem="update" outcome="started"
2026-09-12T22:22:56.883952Z  INFO herdr::logging: checking for updates event="update.check.start" subsystem="update" outcome="started"
2026-09-12T22:52:56.888556Z  INFO herdr::logging: checking for updates event="update.check.start" subsystem="update" outcome="started"
2026-09-12T23:22:56.894136Z  INFO herdr::logging: checking for updates event="update.check.start" subsystem="update" outcome="started"
2026-09-12T23:34:04.914773Z  INFO herdr::pane: agent changed pane=6 previous_agent=None agent=Some(Pi) process=pi pgid=Some(57285)
2026-09-12T23:57:07.318868Z  INFO herdr::logging: checking for updates event="update.check.start" subsystem="update" outcome="started"
2026-09-13T03:27:18.841891Z  INFO herdr::logging: checking for updates event="update.check.start" subsystem="update" outcome="started"
2026-09-13T09:01:37.768889Z  INFO herdr::logging: checking for updates event="update.check.start" subsystem="update" outcome="started"
2026-09-13T09:31:37.772711Z  INFO herdr::logging: checking for updates event="update.check.start" subsystem="update" outcome="started"
2026-09-13T10:01:37.775040Z  INFO herdr::logging: checking for updates event="update.check.start" subsystem="update" outcome="started"
2026-09-13T10:31:37.781986Z  INFO herdr::logging: checking for updates event="update.check.start" subsystem="update" outcome="started"
2026-09-13T11:01:37.786959Z  INFO herdr::logging: checking for updates event="update.check.start" subsystem="update" outcome="started"
2026-09-13T11:48:02.478735Z  INFO herdr::logging: checking for updates event="update.check.start" subsystem="update" outcome="started"
2026-09-13T12:18:02.482226Z  INFO herdr::logging: checking for updates event="update.check.start" subsystem="update" outcome="started"
2026-09-13T12:48:02.486880Z  INFO herdr::logging: checking for updates event="update.check.start" subsystem="update" outcome="started"
2026-09-13T13:18:02.496485Z  INFO herdr::logging: checking for updates event="update.check.start" subsystem="update" outcome="started"
2026-09-13T13:48:02.494466Z  INFO herdr::logging: checking for updates event="update.check.start" subsystem="update" outcome="started"
2026-09-13T14:18:02.497128Z  INFO herdr::logging: checking for updates event="update.check.start" subsystem="update" outcome="started"
2026-09-13T14:48:02.502231Z  INFO herdr::logging: checking for updates event="update.check.start" subsystem="update" outcome="started"
2026-09-13T15:24:39.565855Z  INFO herdr::logging: checking for updates event="update.check.start" subsystem="update" outcome="started"
2026-09-13T15:54:39.556548Z  INFO herdr::logging: checking for updates event="update.check.start" subsystem="update" outcome="started"
2026-09-13T15:54:40.217768Z  WARN herdr::detect::manifest_update: skipping unknown remote manifest agent agent="letta"
2026-09-13T16:24:39.558866Z  INFO herdr::logging: checking for updates event="update.check.start" subsystem="update" outcome="started"
2026-09-13T16:24:42.825284Z  WARN herdr::detect::manifest_update: skipping unknown remote manifest agent agent="letta"
2026-09-13T16:54:39.564512Z  INFO herdr::logging: checking for updates event="update.check.start" subsystem="update" outcome="started"
2026-09-13T16:54:44.722732Z  WARN herdr::detect::manifest_update: skipping unknown remote manifest agent agent="letta"
2026-09-13T17:24:39.571442Z  INFO herdr::logging: checking for updates event="update.check.start" subsystem="update" outcome="started"
2026-09-13T17:24:42.225046Z  WARN herdr::detect::manifest_update: skipping unknown remote manifest agent agent="letta"
2026-09-13T17:54:39.575624Z  INFO herdr::logging: checking for updates event="update.check.start" subsystem="update" outcome="started"
2026-09-13T17:54:40.299987Z  WARN herdr::detect::manifest_update: skipping unknown remote manifest agent agent="letta"
2026-09-13T18:24:39.579113Z  INFO herdr::logging: checking for updates event="update.check.start" subsystem="update" outcome="started"
2026-09-13T18:24:42.616068Z  WARN herdr::detect::manifest_update: skipping unknown remote manifest agent agent="letta"
2026-09-13T19:02:10.855531Z  INFO herdr::logging: checking for updates event="update.check.start" subsystem="update" outcome="started"
2026-09-13T19:02:11.572324Z  WARN herdr::detect::manifest_update: skipping unknown remote manifest agent agent="letta"
2026-09-13T19:32:10.859189Z  INFO herdr::logging: checking for updates event="update.check.start" subsystem="update" outcome="started"
2026-09-13T19:32:11.854257Z  WARN herdr::detect::manifest_update: skipping unknown remote manifest agent agent="letta"
2026-09-13T20:02:10.871629Z  INFO herdr::logging: checking for updates event="update.check.start" subsystem="update" outcome="started"
2026-09-13T20:02:12.769202Z  WARN herdr::detect::manifest_update: skipping unknown remote manifest agent agent="letta"
2026-09-13T20:32:10.876754Z  INFO herdr::logging: checking for updates event="update.check.start" subsystem="update" outcome="started"
2026-09-13T20:32:13.492678Z  WARN herdr::detect::manifest_update: skipping unknown remote manifest agent agent="letta"
2026-09-13T21:02:10.887547Z  INFO herdr::logging: checking for updates event="update.check.start" subsystem="update" outcome="started"
2026-09-13T21:02:11.455203Z  WARN herdr::detect::manifest_update: skipping unknown remote manifest agent agent="letta"
2026-09-13T21:48:02.446697Z  INFO herdr::logging: checking for updates event="update.check.start" subsystem="update" outcome="started"
2026-09-13T21:48:03.973837Z  WARN herdr::detect::manifest_update: skipping unknown remote manifest agent agent="letta"
2026-09-13T22:18:02.454804Z  INFO herdr::logging: checking for updates event="update.check.start" subsystem="update" outcome="started"
2026-09-13T22:18:03.199962Z  WARN herdr::detect::manifest_update: skipping unknown remote manifest agent agent="letta"
2026-09-13T22:48:02.459792Z  INFO herdr::logging: checking for updates event="update.check.start" subsystem="update" outcome="started"
2026-09-13T22:48:03.600199Z  WARN herdr::detect::manifest_update: skipping unknown remote manifest agent agent="letta"
2026-09-14T06:04:53.036363Z  INFO herdr::logging: checking for updates event="update.check.start" subsystem="update" outcome="started"
2026-09-14T06:04:53.935788Z  WARN herdr::detect::manifest_update: skipping unknown remote manifest agent agent="letta"
2026-09-14T06:07:00.812958Z  INFO herdr::logging: tab focused event="tab.focus" subsystem="tab" outcome="ok" workspace_id="w2" tab_id="w2:t4"
2026-09-14T06:07:00.814035Z  INFO herdr::logging: tab focused event="tab.focus" subsystem="tab" outcome="ok" workspace_id="w2" tab_id="w2:t4"
2026-09-14T06:07:01.681677Z  INFO herdr::logging: tab focused event="tab.focus" subsystem="tab" outcome="ok" workspace_id="w2" tab_id="w2:t3"
2026-09-14T06:07:01.682025Z  INFO herdr::logging: tab focused event="tab.focus" subsystem="tab" outcome="ok" workspace_id="w2" tab_id="w2:t3"
2026-09-14T06:07:02.549364Z  INFO herdr::logging: tab focused event="tab.focus" subsystem="tab" outcome="ok" workspace_id="w2" tab_id="w2:t2"
2026-09-14T06:07:02.549585Z  INFO herdr::logging: tab focused event="tab.focus" subsystem="tab" outcome="ok" workspace_id="w2" tab_id="w2:t2"
2026-09-14T06:07:03.248467Z  INFO herdr::logging: tab focused event="tab.focus" subsystem="tab" outcome="ok" workspace_id="w2" tab_id="w2:t1"
2026-09-14T06:07:03.248661Z  INFO herdr::logging: tab focused event="tab.focus" subsystem="tab" outcome="ok" workspace_id="w2" tab_id="w2:t1"
2026-09-14T06:07:08.256603Z  INFO herdr::logging: session saved event="persist.save" subsystem="persist" outcome="ok" path=/Users/ali/.config/herdr/session.json workspaces=2
2026-09-14T06:07:13.486874Z  INFO herdr::server::headless: client detached client_id=2
2026-09-14T06:34:53.041547Z  INFO herdr::logging: checking for updates event="update.check.start" subsystem="update" outcome="started"
2026-09-14T06:34:53.764455Z  WARN herdr::detect::manifest_update: skipping unknown remote manifest agent agent="letta"
2026-09-14T07:04:53.048690Z  INFO herdr::logging: checking for updates event="update.check.start" subsystem="update" outcome="started"
2026-09-14T07:04:53.804434Z  WARN herdr::detect::manifest_update: skipping unknown remote manifest agent agent="letta"
2026-09-14T07:34:53.057828Z  INFO herdr::logging: checking for updates event="update.check.start" subsystem="update" outcome="started"
2026-09-14T07:34:53.896224Z  WARN herdr::detect::manifest_update: skipping unknown remote manifest agent agent="letta"
2026-09-14T08:04:53.053759Z  INFO herdr::logging: checking for updates event="update.check.start" subsystem="update" outcome="started"
2026-09-14T08:04:54.151816Z  WARN herdr::detect::manifest_update: skipping unknown remote manifest agent agent="letta"
2026-09-14T08:34:53.061009Z  INFO herdr::logging: checking for updates event="update.check.start" subsystem="update" outcome="started"
2026-09-14T08:34:53.586904Z  WARN herdr::detect::manifest_update: skipping unknown remote manifest agent agent="letta"
2026-09-14T09:04:53.064395Z  INFO herdr::logging: checking for updates event="update.check.start" subsystem="update" outcome="started"
2026-09-14T09:05:11.176334Z  WARN herdr::logging: update check failed event="update.check.complete" subsystem="update" outcome="error" err="failed to fetch Homebrew formula JSON"
2026-09-14T09:05:11.178056Z  WARN herdr::detect::manifest_update: agent detection manifest update failed: failed to fetch https://herdr.dev/agent-detection/index.toml
2026-09-14T09:34:53.065187Z  INFO herdr::logging: checking for updates event="update.check.start" subsystem="update" outcome="started"
2026-09-14T09:34:53.708244Z  WARN herdr::detect::manifest_update: skipping unknown remote manifest agent agent="letta"
2026-09-14T10:04:53.077429Z  INFO herdr::logging: checking for updates event="update.check.start" subsystem="update" outcome="started"
2026-09-14T10:04:58.410968Z  WARN herdr::detect::manifest_update: skipping unknown remote manifest agent agent="letta"
2026-09-14T10:34:53.078000Z  INFO herdr::logging: checking for updates event="update.check.start" subsystem="update" outcome="started"
2026-09-14T10:34:53.556812Z  WARN herdr::detect::manifest_update: skipping unknown remote manifest agent agent="letta"
2026-09-14T11:04:53.079262Z  INFO herdr::logging: checking for updates event="update.check.start" subsystem="update" outcome="started"
2026-09-14T11:04:53.761212Z  WARN herdr::detect::manifest_update: skipping unknown remote manifest agent agent="letta"
2026-09-14T11:34:53.093500Z  INFO herdr::logging: checking for updates event="update.check.start" subsystem="update" outcome="started"
2026-09-14T11:34:54.708555Z  WARN herdr::detect::manifest_update: skipping unknown remote manifest agent agent="letta"
2026-09-14T12:04:53.082981Z  INFO herdr::logging: checking for updates event="update.check.start" subsystem="update" outcome="started"
2026-09-14T12:04:54.124286Z  WARN herdr::detect::manifest_update: skipping unknown remote manifest agent agent="letta"
2026-09-14T12:34:53.086341Z  INFO herdr::logging: checking for updates event="update.check.start" subsystem="update" outcome="started"
2026-09-14T12:34:53.554055Z  WARN herdr::detect::manifest_update: skipping unknown remote manifest agent agent="letta"
2026-09-14T13:04:53.069890Z  INFO herdr::logging: checking for updates event="update.check.start" subsystem="update" outcome="started"
2026-09-14T13:05:00.025776Z  WARN herdr::detect::manifest_update: skipping unknown remote manifest agent agent="letta"
2026-09-14T13:34:53.023195Z  INFO herdr::logging: checking for updates event="update.check.start" subsystem="update" outcome="started"
2026-09-14T13:34:56.119173Z  WARN herdr::detect::manifest_update: skipping unknown remote manifest agent agent="letta"
2026-09-14T14:04:52.988355Z  INFO herdr::logging: checking for updates event="update.check.start" subsystem="update" outcome="started"
2026-09-14T14:04:53.891443Z  WARN herdr::detect::manifest_update: skipping unknown remote manifest agent agent="letta"
2026-09-14T14:34:53.002617Z  INFO herdr::logging: checking for updates event="update.check.start" subsystem="update" outcome="started"
2026-09-14T14:34:54.031828Z  WARN herdr::detect::manifest_update: skipping unknown remote manifest agent agent="letta"
2026-09-14T15:04:52.995317Z  INFO herdr::logging: checking for updates event="update.check.start" subsystem="update" outcome="started"
2026-09-14T15:04:54.468806Z  WARN herdr::detect::manifest_update: skipping unknown remote manifest agent agent="letta"
2026-09-14T15:05:09.778097Z  INFO herdr::pane: agent changed pane=6 previous_agent=None agent=Some(Pi) process=pi pgid=Some(57285)
2026-09-14T15:34:53.023001Z  INFO herdr::logging: checking for updates event="update.check.start" subsystem="update" outcome="started"
2026-09-14T15:34:58.272357Z  WARN herdr::detect::manifest_update: skipping unknown remote manifest agent agent="letta"
2026-09-14T16:43:21.092956Z  INFO herdr::logging: checking for updates event="update.check.start" subsystem="update" outcome="started"
2026-09-14T16:43:22.228524Z  WARN herdr::detect::manifest_update: skipping unknown remote manifest agent agent="letta"
2026-09-14T17:29:34.006780Z  INFO herdr::logging: checking for updates event="update.check.start" subsystem="update" outcome="started"
2026-09-14T17:29:36.348296Z  WARN herdr::detect::manifest_update: skipping unknown remote manifest agent agent="letta"
2026-09-14T18:13:05.027105Z  INFO herdr::logging: checking for updates event="update.check.start" subsystem="update" outcome="started"
2026-09-14T18:13:06.000978Z  WARN herdr::detect::manifest_update: skipping unknown remote manifest agent agent="letta"
2026-09-14T18:43:05.050593Z  INFO herdr::logging: checking for updates event="update.check.start" subsystem="update" outcome="started"
2026-09-14T18:43:05.788867Z  WARN herdr::detect::manifest_update: skipping unknown remote manifest agent agent="letta"
2026-09-14T19:13:05.050909Z  INFO herdr::logging: checking for updates event="update.check.start" subsystem="update" outcome="started"
2026-09-14T19:13:08.763217Z  WARN herdr::detect::manifest_update: skipping unknown remote manifest agent agent="letta"
2026-09-14T19:43:05.055526Z  INFO herdr::logging: checking for updates event="update.check.start" subsystem="update" outcome="started"
2026-09-14T19:43:09.479417Z  WARN herdr::detect::manifest_update: skipping unknown remote manifest agent agent="letta"
2026-09-14T20:13:05.066329Z  INFO herdr::logging: checking for updates event="update.check.start" subsystem="update" outcome="started"
2026-09-14T20:13:05.810147Z  WARN herdr::detect::manifest_update: skipping unknown remote manifest agent agent="letta"
2026-09-14T20:43:05.078039Z  INFO herdr::logging: checking for updates event="update.check.start" subsystem="update" outcome="started"
2026-09-14T20:43:06.838852Z  WARN herdr::detect::manifest_update: skipping unknown remote manifest agent agent="letta"
2026-09-14T21:13:05.091256Z  INFO herdr::logging: checking for updates event="update.check.start" subsystem="update" outcome="started"
2026-09-14T21:13:05.728067Z  WARN herdr::detect::manifest_update: skipping unknown remote manifest agent agent="letta"
2026-09-14T21:43:05.103623Z  INFO herdr::logging: checking for updates event="update.check.start" subsystem="update" outcome="started"
2026-09-14T21:43:05.888150Z  WARN herdr::detect::manifest_update: skipping unknown remote manifest agent agent="letta"
2026-09-14T22:16:26.614906Z  INFO herdr::logging: checking for updates event="update.check.start" subsystem="update" outcome="started"
2026-09-14T22:16:28.271861Z  WARN herdr::detect::manifest_update: skipping unknown remote manifest agent agent="letta"
2026-09-14T22:46:26.616800Z  INFO herdr::logging: checking for updates event="update.check.start" subsystem="update" outcome="started"
2026-09-14T22:46:27.403719Z  WARN herdr::detect::manifest_update: skipping unknown remote manifest agent agent="letta"
2026-09-14T23:16:26.628120Z  INFO herdr::logging: checking for updates event="update.check.start" subsystem="update" outcome="started"
2026-09-14T23:16:27.237152Z  WARN herdr::detect::manifest_update: skipping unknown remote manifest agent agent="letta"
2026-09-15T07:15:49.553755Z  INFO herdr::logging: checking for updates event="update.check.start" subsystem="update" outcome="started"
2026-09-15T07:15:55.152087Z  WARN herdr::detect::manifest_update: skipping unknown remote manifest agent agent="letta"
2026-09-15T08:47:31.582047Z  INFO herdr::server::headless: client connected client_id=4 cols=189 rows=60 cell_width_px=16 cell_height_px=34 surface_active=true render_encoding=SemanticFrame
2026-09-15T08:59:23.863978Z  INFO herdr::logging: checking for updates event="update.check.start" subsystem="update" outcome="started"
2026-09-15T08:59:24.272021Z  WARN herdr::detect::manifest_update: skipping unknown remote manifest agent agent="letta"
2026-09-15T09:29:23.868788Z  INFO herdr::logging: checking for updates event="update.check.start" subsystem="update" outcome="started"
2026-09-15T09:29:24.261300Z  WARN herdr::detect::manifest_update: skipping unknown remote manifest agent agent="letta"
2026-09-15T09:59:23.872890Z  INFO herdr::logging: checking for updates event="update.check.start" subsystem="update" outcome="started"
2026-09-15T09:59:24.233098Z  WARN herdr::detect::manifest_update: skipping unknown remote manifest agent agent="letta"
2026-09-15T10:29:23.889832Z  INFO herdr::logging: checking for updates event="update.check.start" subsystem="update" outcome="started"
2026-09-15T10:29:24.233621Z  WARN herdr::detect::manifest_update: skipping unknown remote manifest agent agent="letta"
2026-09-15T10:59:23.898067Z  INFO herdr::logging: checking for updates event="update.check.start" subsystem="update" outcome="started"
2026-09-15T10:59:24.232186Z  WARN herdr::detect::manifest_update: skipping unknown remote manifest agent agent="letta"
2026-09-15T11:29:23.899513Z  INFO herdr::logging: checking for updates event="update.check.start" subsystem="update" outcome="started"
2026-09-15T11:29:24.249863Z  WARN herdr::detect::manifest_update: skipping unknown remote manifest agent agent="letta"
2026-09-15T11:59:23.905556Z  INFO herdr::logging: checking for updates event="update.check.start" subsystem="update" outcome="started"
2026-09-15T11:59:24.241673Z  WARN herdr::detect::manifest_update: skipping unknown remote manifest agent agent="letta"
2026-09-15T12:29:23.908707Z  INFO herdr::logging: checking for updates event="update.check.start" subsystem="update" outcome="started"
2026-09-15T12:29:24.341698Z  WARN herdr::detect::manifest_update: skipping unknown remote manifest agent agent="letta"
2026-09-15T12:31:57.230299Z  INFO herdr::logging: tab focused event="tab.focus" subsystem="tab" outcome="ok" workspace_id="w2" tab_id="w2:t1"
2026-09-15T12:32:02.246477Z  INFO herdr::logging: session saved event="persist.save" subsystem="persist" outcome="ok" path=/Users/ali/.config/herdr/session.json workspaces=2
2026-09-15T13:19:56.964696Z  INFO herdr::logging: checking for updates event="update.check.start" subsystem="update" outcome="started"
2026-09-15T13:19:57.308929Z  WARN herdr::detect::manifest_update: skipping unknown remote manifest agent agent="letta"
2026-09-15T13:49:56.973881Z  INFO herdr::logging: checking for updates event="update.check.start" subsystem="update" outcome="started"
2026-09-15T13:49:57.509990Z  WARN herdr::detect::manifest_update: skipping unknown remote manifest agent agent="letta"
2026-09-15T14:19:56.981364Z  INFO herdr::logging: checking for updates event="update.check.start" subsystem="update" outcome="started"
2026-09-15T14:19:57.484906Z  WARN herdr::detect::manifest_update: skipping unknown remote manifest agent agent="letta"
2026-09-15T14:49:56.986517Z  INFO herdr::logging: checking for updates event="update.check.start" subsystem="update" outcome="started"
2026-09-15T14:49:57.375461Z  WARN herdr::detect::manifest_update: skipping unknown remote manifest agent agent="letta"
2026-09-15T15:19:56.990205Z  INFO herdr::logging: checking for updates event="update.check.start" subsystem="update" outcome="started"
2026-09-15T15:19:57.526999Z  WARN herdr::detect::manifest_update: skipping unknown remote manifest agent agent="letta"
2026-09-15T16:53:35.383246Z  INFO herdr::logging: checking for updates event="update.check.start" subsystem="update" outcome="started"
2026-09-15T16:53:36.020654Z  WARN herdr::detect::manifest_update: skipping unknown remote manifest agent agent="letta"
2026-09-15T17:23:35.390457Z  INFO herdr::logging: checking for updates event="update.check.start" subsystem="update" outcome="started"
2026-09-15T17:23:36.152831Z  WARN herdr::detect::manifest_update: skipping unknown remote manifest agent agent="letta"
2026-09-15T18:40:33.980926Z  INFO herdr::logging: checking for updates event="update.check.start" subsystem="update" outcome="started"
2026-09-15T18:40:34.665018Z  WARN herdr::detect::manifest_update: skipping unknown remote manifest agent agent="letta"
2026-09-15T19:10:33.991724Z  INFO herdr::logging: checking for updates event="update.check.start" subsystem="update" outcome="started"
2026-09-15T19:10:35.478387Z  WARN herdr::detect::manifest_update: skipping unknown remote manifest agent agent="letta"
2026-09-15T19:40:33.988042Z  INFO herdr::logging: checking for updates event="update.check.start" subsystem="update" outcome="started"
2026-09-15T19:40:34.748195Z  WARN herdr::detect::manifest_update: skipping unknown remote manifest agent agent="letta"
2026-09-15T20:10:33.992833Z  INFO herdr::logging: checking for updates event="update.check.start" subsystem="update" outcome="started"
2026-09-15T20:10:35.583634Z  WARN herdr::detect::manifest_update: skipping unknown remote manifest agent agent="letta"
2026-09-15T20:40:33.982134Z  INFO herdr::logging: checking for updates event="update.check.start" subsystem="update" outcome="started"
2026-09-15T20:40:34.765970Z  WARN herdr::detect::manifest_update: skipping unknown remote manifest agent agent="letta"
2026-09-15T21:24:17.912935Z  INFO herdr::logging: checking for updates event="update.check.start" subsystem="update" outcome="started"
2026-09-15T21:24:28.305575Z  WARN herdr::detect::manifest_update: skipping unknown remote manifest agent agent="letta"
2026-09-15T21:54:17.922706Z  INFO herdr::logging: checking for updates event="update.check.start" subsystem="update" outcome="started"
2026-09-15T21:54:18.622980Z  WARN herdr::detect::manifest_update: skipping unknown remote manifest agent agent="letta"
2026-09-15T22:24:17.931322Z  INFO herdr::logging: checking for updates event="update.check.start" subsystem="update" outcome="started"
2026-09-15T22:24:18.658487Z  WARN herdr::detect::manifest_update: skipping unknown remote manifest agent agent="letta"
2026-09-15T22:54:17.941304Z  INFO herdr::logging: checking for updates event="update.check.start" subsystem="update" outcome="started"
2026-09-15T22:54:18.613099Z  WARN herdr::detect::manifest_update: skipping unknown remote manifest agent agent="letta"
2026-09-15T22:58:40.647866Z  INFO herdr::logging: tab focused event="tab.focus" subsystem="tab" outcome="ok" workspace_id="w2" tab_id="w2:t2"
2026-09-15T22:58:40.653283Z  INFO herdr::logging: tab focused event="tab.focus" subsystem="tab" outcome="ok" workspace_id="w2" tab_id="w2:t2"
2026-09-15T22:58:45.662407Z  INFO herdr::logging: session saved event="persist.save" subsystem="persist" outcome="ok" path=/Users/ali/.config/herdr/session.json workspaces=2
2026-09-15T22:58:49.740567Z  INFO herdr::logging: tab focused event="tab.focus" subsystem="tab" outcome="ok" workspace_id="w2" tab_id="w2:t3"
2026-09-15T22:58:49.741041Z  INFO herdr::logging: tab focused event="tab.focus" subsystem="tab" outcome="ok" workspace_id="w2" tab_id="w2:t3"
2026-09-15T22:58:53.219038Z  INFO herdr::logging: tab focused event="tab.focus" subsystem="tab" outcome="ok" workspace_id="w2" tab_id="w2:t2"
2026-09-15T22:58:53.225879Z  INFO herdr::logging: tab focused event="tab.focus" subsystem="tab" outcome="ok" workspace_id="w2" tab_id="w2:t2"
2026-09-15T22:58:54.260886Z  INFO herdr::logging: tab focused event="tab.focus" subsystem="tab" outcome="ok" workspace_id="w2" tab_id="w2:t3"
2026-09-15T22:58:54.261453Z  INFO herdr::logging: tab focused event="tab.focus" subsystem="tab" outcome="ok" workspace_id="w2" tab_id="w2:t3"
2026-09-15T22:58:54.840367Z  INFO herdr::logging: tab focused event="tab.focus" subsystem="tab" outcome="ok" workspace_id="w2" tab_id="w2:t2"
2026-09-15T22:58:54.841030Z  INFO herdr::logging: tab focused event="tab.focus" subsystem="tab" outcome="ok" workspace_id="w2" tab_id="w2:t2"
2026-09-15T22:58:55.717980Z  INFO herdr::logging: tab focused event="tab.focus" subsystem="tab" outcome="ok" workspace_id="w2" tab_id="w2:t3"
2026-09-15T22:58:55.723848Z  INFO herdr::logging: tab focused event="tab.focus" subsystem="tab" outcome="ok" workspace_id="w2" tab_id="w2:t3"
2026-09-15T22:58:56.352938Z  INFO herdr::logging: tab focused event="tab.focus" subsystem="tab" outcome="ok" workspace_id="w2" tab_id="w2:t2"
2026-09-15T22:58:56.353852Z  INFO herdr::logging: tab focused event="tab.focus" subsystem="tab" outcome="ok" workspace_id="w2" tab_id="w2:t2"
2026-09-15T22:58:56.961447Z  INFO herdr::logging: tab focused event="tab.focus" subsystem="tab" outcome="ok" workspace_id="w2" tab_id="w2:t3"
2026-09-15T22:58:56.961815Z  INFO herdr::logging: tab focused event="tab.focus" subsystem="tab" outcome="ok" workspace_id="w2" tab_id="w2:t3"
2026-09-15T22:58:59.055298Z  INFO herdr::logging: tab focused event="tab.focus" subsystem="tab" outcome="ok" workspace_id="w2" tab_id="w2:t3"
2026-09-15T22:58:59.080863Z  INFO herdr::logging: pane child exited event="pane.exit" subsystem="pane" outcome="completed" pane_id=3 status="ExitStatus { code: 1, signal: None }"
2026-09-15T22:58:59.086672Z  INFO herdr::pane: pane session terminated pane=3 pid=48444 signal=Hangup
2026-09-15T22:58:59.092802Z  WARN herdr::app::actions: PaneDied for unknown pane pane=3
2026-09-15T22:59:01.344155Z  INFO herdr::logging: tab focused event="tab.focus" subsystem="tab" outcome="ok" workspace_id="w2" tab_id="w2:t4"
2026-09-15T22:59:01.344801Z  INFO herdr::logging: tab focused event="tab.focus" subsystem="tab" outcome="ok" workspace_id="w2" tab_id="w2:t4"
2026-09-15T22:59:04.671220Z  INFO herdr::logging: tab focused event="tab.focus" subsystem="tab" outcome="ok" workspace_id="w2" tab_id="w2:t4"
2026-09-15T22:59:04.700770Z  INFO herdr::logging: pane child exited event="pane.exit" subsystem="pane" outcome="completed" pane_id=4 status="ExitStatus { code: 1, signal: None }"
2026-09-15T22:59:04.702042Z  INFO herdr::pane: pane session terminated pane=4 pid=48445 signal=Hangup
2026-09-15T22:59:04.704520Z  WARN herdr::app::actions: PaneDied for unknown pane pane=4
2026-09-15T22:59:06.453528Z  INFO herdr::logging: tab focused event="tab.focus" subsystem="tab" outcome="ok" workspace_id="w2" tab_id="w2:t5"
2026-09-15T22:59:06.454114Z  INFO herdr::logging: tab focused event="tab.focus" subsystem="tab" outcome="ok" workspace_id="w2" tab_id="w2:t5"
2026-09-15T22:59:11.462455Z  INFO herdr::logging: session saved event="persist.save" subsystem="persist" outcome="ok" path=/Users/ali/.config/herdr/session.json workspaces=2
2026-09-15T22:59:17.561793Z  INFO herdr::logging: tab focused event="tab.focus" subsystem="tab" outcome="ok" workspace_id="w2" tab_id="w2:t5"
2026-09-15T22:59:17.644045Z  INFO herdr::logging: pane child exited event="pane.exit" subsystem="pane" outcome="completed" pane_id=6 status="ExitStatus { code: 1, signal: None }"
2026-09-15T22:59:17.975989Z  INFO herdr::pane: pane session terminated pane=6 pid=12795 signal=Terminate
2026-09-15T22:59:17.976688Z  WARN herdr::app::actions: PaneDied for unknown pane pane=6
2026-09-15T22:59:20.189435Z  INFO herdr::logging: tab focused event="tab.focus" subsystem="tab" outcome="ok" workspace_id="w2" tab_id="w2:t1"
2026-09-15T22:59:20.189610Z  INFO herdr::logging: tab focused event="tab.focus" subsystem="tab" outcome="ok" workspace_id="w2" tab_id="w2:t1"
2026-09-15T22:59:22.905746Z  INFO herdr::logging: tab focused event="tab.focus" subsystem="tab" outcome="ok" workspace_id="w2" tab_id="w2:t2"
2026-09-15T22:59:22.906354Z  INFO herdr::logging: tab focused event="tab.focus" subsystem="tab" outcome="ok" workspace_id="w2" tab_id="w2:t2"
2026-09-15T22:59:27.098326Z  INFO herdr::logging: spawning pane terminal event="pane.spawn.start" subsystem="pane" outcome="started" pane_id=7 rows=60 cols=192 scrollback_limit_bytes=10000000
2026-09-15T22:59:27.121391Z  INFO herdr::logging: pane child spawned event="pane.spawned" subsystem="pane" outcome="ok" pane_id=7 pid=23611
2026-09-15T22:59:27.122482Z  INFO herdr::logging: tab focused event="tab.focus" subsystem="tab" outcome="ok" workspace_id="w2" tab_id="w2:t6"
2026-09-15T22:59:32.132650Z  INFO herdr::logging: session saved event="persist.save" subsystem="persist" outcome="ok" path=/Users/ali/.config/herdr/session.json workspaces=2
2026-09-15T23:00:16.036239Z  INFO herdr::logging: tab focused event="tab.focus" subsystem="tab" outcome="ok" workspace_id="w2" tab_id="w2:t2"
2026-09-15T23:00:16.037809Z  INFO herdr::logging: tab focused event="tab.focus" subsystem="tab" outcome="ok" workspace_id="w2" tab_id="w2:t2"
2026-09-15T23:00:18.580304Z  INFO herdr::logging: tab focused event="tab.focus" subsystem="tab" outcome="ok" workspace_id="w2" tab_id="w2:t6"
2026-09-15T23:00:18.580427Z  INFO herdr::logging: tab focused event="tab.focus" subsystem="tab" outcome="ok" workspace_id="w2" tab_id="w2:t6"
2026-09-15T23:00:23.587838Z  INFO herdr::logging: session saved event="persist.save" subsystem="persist" outcome="ok" path=/Users/ali/.config/herdr/session.json workspaces=2
2026-09-15T23:00:59.903673Z  INFO herdr::logging: tab focused event="tab.focus" subsystem="tab" outcome="ok" workspace_id="w2" tab_id="w2:t2"
2026-09-15T23:00:59.905095Z  INFO herdr::logging: tab focused event="tab.focus" subsystem="tab" outcome="ok" workspace_id="w2" tab_id="w2:t2"
2026-09-15T23:01:00.789602Z  INFO herdr::logging: tab focused event="tab.focus" subsystem="tab" outcome="ok" workspace_id="w2" tab_id="w2:t6"
2026-09-15T23:01:00.789758Z  INFO herdr::logging: tab focused event="tab.focus" subsystem="tab" outcome="ok" workspace_id="w2" tab_id="w2:t6"
2026-09-15T23:01:05.797835Z  INFO herdr::logging: session saved event="persist.save" subsystem="persist" outcome="ok" path=/Users/ali/.config/herdr/session.json workspaces=2
2026-09-15T23:24:17.945796Z  INFO herdr::logging: checking for updates event="update.check.start" subsystem="update" outcome="started"
2026-09-15T23:24:20.104943Z  WARN herdr::detect::manifest_update: skipping unknown remote manifest agent agent="letta"
2026-09-15T23:54:17.954538Z  INFO herdr::logging: checking for updates event="update.check.start" subsystem="update" outcome="started"
2026-09-15T23:54:18.624586Z  WARN herdr::detect::manifest_update: skipping unknown remote manifest agent agent="letta"
2026-09-16T00:24:17.964902Z  INFO herdr::logging: checking for updates event="update.check.start" subsystem="update" outcome="started"
2026-09-16T00:24:18.642966Z  WARN herdr::detect::manifest_update: skipping unknown remote manifest agent agent="letta"
2026-09-16T00:30:08.095815Z  INFO herdr::pane: agent changed pane=7 previous_agent=None agent=Some(Codex) process=codex pgid=Some(77130)
2026-09-16T00:30:19.578016Z  INFO herdr::pane: agent changed pane=7 previous_agent=Some(Codex) agent=None pgid=Some(23611)
2026-09-16T00:32:48.179430Z  INFO herdr::pane: agent changed pane=7 previous_agent=None agent=Some(Pi) process=pi pgid=Some(78928)
2026-09-16T00:32:55.447675Z  INFO herdr::pane: agent changed pane=7 previous_agent=Some(Pi) agent=None pgid=Some(23611)
2026-09-16T00:54:17.979042Z  INFO herdr::logging: checking for updates event="update.check.start" subsystem="update" outcome="started"
2026-09-16T00:54:18.543990Z  WARN herdr::detect::manifest_update: skipping unknown remote manifest agent agent="letta"
2026-09-16T01:14:55.888051Z  INFO herdr::logging: tab focused event="tab.focus" subsystem="tab" outcome="ok" workspace_id="w2" tab_id="w2:t1"
2026-09-16T01:14:55.891517Z  INFO herdr::logging: tab focused event="tab.focus" subsystem="tab" outcome="ok" workspace_id="w2" tab_id="w2:t1"
2026-09-16T01:15:00.899911Z  INFO herdr::logging: session saved event="persist.save" subsystem="persist" outcome="ok" path=/Users/ali/.config/herdr/session.json workspaces=2
2026-09-16T01:24:17.981347Z  INFO herdr::logging: checking for updates event="update.check.start" subsystem="update" outcome="started"
2026-09-16T01:24:18.968740Z  WARN herdr::detect::manifest_update: skipping unknown remote manifest agent agent="letta"
2026-09-16T01:32:22.447376Z  INFO herdr::logging: tab focused event="tab.focus" subsystem="tab" outcome="ok" workspace_id="w2" tab_id="w2:t6"
2026-09-16T01:32:22.456504Z  INFO herdr::logging: tab focused event="tab.focus" subsystem="tab" outcome="ok" workspace_id="w2" tab_id="w2:t6"
2026-09-16T01:32:27.475506Z  INFO herdr::logging: session saved event="persist.save" subsystem="persist" outcome="ok" path=/Users/ali/.config/herdr/session.json workspaces=2
2026-09-16T01:32:34.532881Z  INFO herdr::logging: tab focused event="tab.focus" subsystem="tab" outcome="ok" workspace_id="w2" tab_id="w2:t6"
2026-09-16T01:32:34.582390Z  INFO herdr::logging: pane child exited event="pane.exit" subsystem="pane" outcome="completed" pane_id=7 status="ExitStatus { code: 1, signal: None }"
2026-09-16T01:32:34.594969Z  INFO herdr::pane: pane session terminated pane=7 pid=23611 signal=Hangup
2026-09-16T01:32:34.603829Z  WARN herdr::app::actions: PaneDied for unknown pane pane=7
2026-09-16T01:32:36.216177Z  INFO herdr::logging: spawning pane terminal event="pane.spawn.start" subsystem="pane" outcome="started" pane_id=8 rows=58 cols=192 scrollback_limit_bytes=10000000
2026-09-16T01:32:36.234990Z  INFO herdr::logging: pane child spawned event="pane.spawned" subsystem="pane" outcome="ok" pane_id=8 pid=15245
2026-09-16T01:32:36.236289Z  INFO herdr::logging: tab focused event="tab.focus" subsystem="tab" outcome="ok" workspace_id="w2" tab_id="w2:t7"
2026-09-16T01:32:41.247887Z  INFO herdr::logging: session saved event="persist.save" subsystem="persist" outcome="ok" path=/Users/ali/.config/herdr/session.json workspaces=2
2026-09-16T01:32:50.074474Z  INFO herdr::logging: tab focused event="tab.focus" subsystem="tab" outcome="ok" workspace_id="w2" tab_id="w2:t1"
2026-09-16T01:32:50.077560Z  INFO herdr::logging: tab focused event="tab.focus" subsystem="tab" outcome="ok" workspace_id="w2" tab_id="w2:t1"
2026-09-16T01:32:55.083737Z  INFO herdr::logging: session saved event="persist.save" subsystem="persist" outcome="ok" path=/Users/ali/.config/herdr/session.json workspaces=2
2026-09-16T01:54:17.985584Z  INFO herdr::logging: checking for updates event="update.check.start" subsystem="update" outcome="started"
2026-09-16T01:54:18.401898Z  WARN herdr::detect::manifest_update: skipping unknown remote manifest agent agent="letta"
2026-09-16T02:24:17.989543Z  INFO herdr::logging: checking for updates event="update.check.start" subsystem="update" outcome="started"
2026-09-16T02:24:18.543591Z  WARN herdr::detect::manifest_update: skipping unknown remote manifest agent agent="letta"
2026-09-16T02:54:17.992680Z  INFO herdr::logging: checking for updates event="update.check.start" subsystem="update" outcome="started"
2026-09-16T02:54:18.235296Z  WARN herdr::detect::manifest_update: skipping unknown remote manifest agent agent="letta"
2026-09-16T03:24:17.998085Z  INFO herdr::logging: checking for updates event="update.check.start" subsystem="update" outcome="started"
2026-09-16T03:24:18.272452Z  WARN herdr::detect::manifest_update: skipping unknown remote manifest agent agent="letta"
2026-09-16T03:54:18.001589Z  INFO herdr::logging: checking for updates event="update.check.start" subsystem="update" outcome="started"
2026-09-16T03:54:36.088809Z  WARN herdr::detect::manifest_update: agent detection manifest update failed: failed to fetch https://herdr.dev/agent-detection/index.toml
2026-09-16T04:24:18.007903Z  INFO herdr::logging: checking for updates event="update.check.start" subsystem="update" outcome="started"
2026-09-16T04:24:18.504027Z  WARN herdr::detect::manifest_update: skipping unknown remote manifest agent agent="letta"
2026-09-16T04:54:18.015068Z  INFO herdr::logging: checking for updates event="update.check.start" subsystem="update" outcome="started"
2026-09-16T04:54:18.481949Z  WARN herdr::detect::manifest_update: skipping unknown remote manifest agent agent="letta"
2026-09-16T05:24:18.018049Z  INFO herdr::logging: checking for updates event="update.check.start" subsystem="update" outcome="started"
2026-09-16T05:24:18.569076Z  WARN herdr::detect::manifest_update: skipping unknown remote manifest agent agent="letta"
2026-09-16T05:54:18.023377Z  INFO herdr::logging: checking for updates event="update.check.start" subsystem="update" outcome="started"
2026-09-16T05:54:18.551102Z  WARN herdr::detect::manifest_update: skipping unknown remote manifest agent agent="letta"
2026-09-16T06:24:18.001563Z  INFO herdr::logging: checking for updates event="update.check.start" subsystem="update" outcome="started"
2026-09-16T06:24:18.698630Z  WARN herdr::detect::manifest_update: skipping unknown remote manifest agent agent="letta"
2026-09-16T06:49:13.371864Z  INFO herdr::logging: tab focused event="tab.focus" subsystem="tab" outcome="ok" workspace_id="w2" tab_id="w2:t2"
2026-09-16T06:49:13.373962Z  INFO herdr::logging: tab focused event="tab.focus" subsystem="tab" outcome="ok" workspace_id="w2" tab_id="w2:t2"
2026-09-16T06:49:14.046147Z  INFO herdr::logging: tab focused event="tab.focus" subsystem="tab" outcome="ok" workspace_id="w2" tab_id="w2:t7"
2026-09-16T06:49:14.046321Z  INFO herdr::logging: tab focused event="tab.focus" subsystem="tab" outcome="ok" workspace_id="w2" tab_id="w2:t7"
2026-09-16T06:49:14.863060Z  INFO herdr::logging: tab focused event="tab.focus" subsystem="tab" outcome="ok" workspace_id="w2" tab_id="w2:t7"
2026-09-16T06:49:15.372070Z  INFO herdr::logging: tab focused event="tab.focus" subsystem="tab" outcome="ok" workspace_id="w2" tab_id="w2:t2"
2026-09-16T06:49:15.372364Z  INFO herdr::logging: tab focused event="tab.focus" subsystem="tab" outcome="ok" workspace_id="w2" tab_id="w2:t2"
2026-09-16T06:49:16.581212Z  INFO herdr::logging: tab focused event="tab.focus" subsystem="tab" outcome="ok" workspace_id="w2" tab_id="w2:t7"
2026-09-16T06:49:16.581879Z  INFO herdr::logging: tab focused event="tab.focus" subsystem="tab" outcome="ok" workspace_id="w2" tab_id="w2:t7"
2026-09-16T06:49:21.595243Z  INFO herdr::logging: session saved event="persist.save" subsystem="persist" outcome="ok" path=/Users/ali/.config/herdr/session.json workspaces=2
2026-09-16T07:58:24.246209Z  INFO herdr::logging: spawning pane terminal event="pane.spawn.start" subsystem="pane" outcome="started" pane_id=9 rows=58 cols=192 scrollback_limit_bytes=10000000
2026-09-16T07:58:24.274684Z  INFO herdr::logging: pane child spawned event="pane.spawned" subsystem="pane" outcome="ok" pane_id=9 pid=81705
2026-09-16T07:58:24.276263Z  INFO herdr::logging: tab focused event="tab.focus" subsystem="tab" outcome="ok" workspace_id="w2" tab_id="w2:t8"
2026-09-16T07:58:29.296736Z  INFO herdr::logging: session saved event="persist.save" subsystem="persist" outcome="ok" path=/Users/ali/.config/herdr/session.json workspaces=2
2026-09-16T08:05:18.871308Z  INFO herdr::logging: checking for updates event="update.check.start" subsystem="update" outcome="started"
2026-09-16T08:05:19.551167Z  WARN herdr::detect::manifest_update: skipping unknown remote manifest agent agent="letta"
2026-09-16T08:35:18.878536Z  INFO herdr::logging: checking for updates event="update.check.start" subsystem="update" outcome="started"
2026-09-16T08:35:19.473131Z  WARN herdr::detect::manifest_update: skipping unknown remote manifest agent agent="letta"
2026-09-16T09:05:18.880207Z  INFO herdr::logging: checking for updates event="update.check.start" subsystem="update" outcome="started"
2026-09-16T09:05:19.338035Z  WARN herdr::detect::manifest_update: skipping unknown remote manifest agent agent="letta"
2026-09-16T09:35:18.881106Z  INFO herdr::logging: checking for updates event="update.check.start" subsystem="update" outcome="started"
2026-09-16T09:35:19.368324Z  WARN herdr::detect::manifest_update: skipping unknown remote manifest agent agent="letta"
2026-09-16T10:05:18.889235Z  INFO herdr::logging: checking for updates event="update.check.start" subsystem="update" outcome="started"
2026-09-16T10:05:19.375826Z  WARN herdr::detect::manifest_update: skipping unknown remote manifest agent agent="letta"
2026-09-16T10:35:18.890388Z  INFO herdr::logging: checking for updates event="update.check.start" subsystem="update" outcome="started"
2026-09-16T10:35:19.405453Z  WARN herdr::detect::manifest_update: skipping unknown remote manifest agent agent="letta"
2026-09-16T11:03:01.623082Z  INFO herdr::logging: tab focused event="tab.focus" subsystem="tab" outcome="ok" workspace_id="w2" tab_id="w2:t2"
2026-09-16T11:03:01.626857Z  INFO herdr::logging: tab focused event="tab.focus" subsystem="tab" outcome="ok" workspace_id="w2" tab_id="w2:t2"
2026-09-16T11:03:06.649675Z  INFO herdr::logging: session saved event="persist.save" subsystem="persist" outcome="ok" path=/Users/ali/.config/herdr/session.json workspaces=2
2026-09-16T11:05:18.897998Z  INFO herdr::logging: checking for updates event="update.check.start" subsystem="update" outcome="started"
2026-09-16T11:05:19.468895Z  WARN herdr::detect::manifest_update: skipping unknown remote manifest agent agent="letta"
2026-09-16T11:11:55.663014Z  INFO herdr::logging: workspace focused event="workspace.focus" subsystem="workspace" outcome="ok" workspace_id="w2"
2026-09-16T11:11:55.676999Z  INFO herdr::logging: tab focused event="tab.focus" subsystem="tab" outcome="ok" workspace_id="w2" tab_id="w2:t2"
2026-09-16T11:12:00.686827Z  INFO herdr::logging: session saved event="persist.save" subsystem="persist" outcome="ok" path=/Users/ali/.config/herdr/session.json workspaces=2
2026-09-16T11:13:14.734041Z  INFO herdr::logging: tab focused event="tab.focus" subsystem="tab" outcome="ok" workspace_id="w2" tab_id="w2:t8"
2026-09-16T11:13:14.737676Z  INFO herdr::logging: tab focused event="tab.focus" subsystem="tab" outcome="ok" workspace_id="w2" tab_id="w2:t8"
2026-09-16T11:13:19.746192Z  INFO herdr::logging: session saved event="persist.save" subsystem="persist" outcome="ok" path=/Users/ali/.config/herdr/session.json workspaces=2
2026-09-16T11:51:39.628553Z  INFO herdr::logging: checking for updates event="update.check.start" subsystem="update" outcome="started"
2026-09-16T11:51:40.100586Z  WARN herdr::detect::manifest_update: skipping unknown remote manifest agent agent="letta"
2026-09-16T12:20:02.890435Z  INFO herdr::logging: tab focused event="tab.focus" subsystem="tab" outcome="ok" workspace_id="w2" tab_id="w2:t2"
2026-09-16T12:20:02.893347Z  INFO herdr::logging: tab focused event="tab.focus" subsystem="tab" outcome="ok" workspace_id="w2" tab_id="w2:t2"
2026-09-16T12:20:07.901511Z  INFO herdr::logging: session saved event="persist.save" subsystem="persist" outcome="ok" path=/Users/ali/.config/herdr/session.json workspaces=2
2026-09-16T12:21:39.637493Z  INFO herdr::logging: checking for updates event="update.check.start" subsystem="update" outcome="started"
2026-09-16T12:21:40.100238Z  WARN herdr::detect::manifest_update: skipping unknown remote manifest agent agent="letta"
2026-09-16T12:51:39.656289Z  INFO herdr::logging: checking for updates event="update.check.start" subsystem="update" outcome="started"
2026-09-16T12:51:40.187550Z  WARN herdr::detect::manifest_update: skipping unknown remote manifest agent agent="letta"
2026-09-16T13:21:39.648165Z  INFO herdr::logging: checking for updates event="update.check.start" subsystem="update" outcome="started"
2026-09-16T13:21:40.253132Z  WARN herdr::detect::manifest_update: skipping unknown remote manifest agent agent="letta"
2026-09-16T13:51:39.651868Z  INFO herdr::logging: checking for updates event="update.check.start" subsystem="update" outcome="started"
2026-09-16T13:51:40.024287Z  WARN herdr::detect::manifest_update: skipping unknown remote manifest agent agent="letta"
2026-09-16T13:51:53.627800Z  INFO herdr::logging: tab focused event="tab.focus" subsystem="tab" outcome="ok" workspace_id="w2" tab_id="w2:t8"
2026-09-16T13:51:53.637719Z  INFO herdr::logging: tab focused event="tab.focus" subsystem="tab" outcome="ok" workspace_id="w2" tab_id="w2:t8"
2026-09-16T13:51:58.649650Z  INFO herdr::logging: session saved event="persist.save" subsystem="persist" outcome="ok" path=/Users/ali/.config/herdr/session.json workspaces=2
2026-09-16T14:21:39.654843Z  INFO herdr::logging: checking for updates event="update.check.start" subsystem="update" outcome="started"
2026-09-16T14:21:40.058916Z  WARN herdr::detect::manifest_update: skipping unknown remote manifest agent agent="letta"
2026-09-16T14:51:39.660006Z  INFO herdr::logging: checking for updates event="update.check.start" subsystem="update" outcome="started"
2026-09-16T14:51:40.013786Z  WARN herdr::detect::manifest_update: skipping unknown remote manifest agent agent="letta"
2026-09-16T16:15:52.482461Z  INFO herdr::logging: checking for updates event="update.check.start" subsystem="update" outcome="started"
2026-09-16T16:15:53.137236Z  WARN herdr::detect::manifest_update: skipping unknown remote manifest agent agent="letta"
2026-09-16T17:01:39.454762Z  INFO herdr::logging: checking for updates event="update.check.start" subsystem="update" outcome="started"
2026-09-16T17:01:40.362141Z  WARN herdr::detect::manifest_update: skipping unknown remote manifest agent agent="letta"
2026-09-16T17:33:51.851812Z  INFO herdr::logging: checking for updates event="update.check.start" subsystem="update" outcome="started"
2026-09-16T17:33:53.086364Z  WARN herdr::detect::manifest_update: skipping unknown remote manifest agent agent="letta"
2026-09-16T18:03:51.856186Z  INFO herdr::logging: checking for updates event="update.check.start" subsystem="update" outcome="started"
2026-09-16T18:03:57.546188Z  WARN herdr::detect::manifest_update: skipping unknown remote manifest agent agent="letta"
2026-09-16T18:33:51.857045Z  INFO herdr::logging: checking for updates event="update.check.start" subsystem="update" outcome="started"
2026-09-16T18:33:54.971317Z  WARN herdr::detect::manifest_update: skipping unknown remote manifest agent agent="letta"
2026-09-16T19:11:50.284965Z  INFO herdr::logging: checking for updates event="update.check.start" subsystem="update" outcome="started"
2026-09-16T19:11:53.525967Z  WARN herdr::detect::manifest_update: skipping unknown remote manifest agent agent="letta"
2026-09-16T19:41:50.289466Z  INFO herdr::logging: checking for updates event="update.check.start" subsystem="update" outcome="started"
2026-09-16T19:41:51.472947Z  WARN herdr::detect::manifest_update: skipping unknown remote manifest agent agent="letta"
2026-09-16T20:29:37.534580Z  INFO herdr::logging: checking for updates event="update.check.start" subsystem="update" outcome="started"
2026-09-16T20:29:51.184057Z  WARN herdr::detect::manifest_update: skipping unknown remote manifest agent agent="letta"
2026-09-16T20:30:53.759013Z  WARN herdr::detect::manifest_update: agent detection manifest update failed for agent agent="cursor" error=fetch failed: failed to fetch https://herdr.dev/agent-detection/cursor.toml
2026-09-16T20:59:37.540949Z  INFO herdr::logging: checking for updates event="update.check.start" subsystem="update" outcome="started"
2026-09-16T20:59:38.085298Z  WARN herdr::detect::manifest_update: skipping unknown remote manifest agent agent="letta"
2026-09-16T21:29:37.542529Z  INFO herdr::logging: checking for updates event="update.check.start" subsystem="update" outcome="started"
2026-09-16T21:29:40.537374Z  WARN herdr::detect::manifest_update: skipping unknown remote manifest agent agent="letta"
2026-09-16T21:35:40.313544Z  INFO herdr::logging: pane child exited event="pane.exit" subsystem="pane" outcome="completed" pane_id=9 status="ExitStatus { code: 1, signal: None }"
2026-09-16T21:35:40.324676Z  INFO herdr::pane: pane session terminated pane=9 pid=81705 signal=Hangup
2026-09-16T21:35:40.331772Z  WARN herdr::app::actions: PaneDied for unknown pane pane=9
2026-09-16T21:35:45.335225Z  INFO herdr::logging: session saved event="persist.save" subsystem="persist" outcome="ok" path=/Users/ali/.config/herdr/session.json workspaces=2
2026-09-16T21:35:45.361900Z  INFO herdr::logging: tab focused event="tab.focus" subsystem="tab" outcome="ok" workspace_id="w2" tab_id="w2:t7"
2026-09-16T21:35:50.366479Z  INFO herdr::logging: session saved event="persist.save" subsystem="persist" outcome="ok" path=/Users/ali/.config/herdr/session.json workspaces=2
2026-09-16T21:35:54.563069Z  INFO herdr::logging: tab focused event="tab.focus" subsystem="tab" outcome="ok" workspace_id="w2" tab_id="w2:t7"
2026-09-16T21:35:54.622652Z  INFO herdr::logging: pane child exited event="pane.exit" subsystem="pane" outcome="completed" pane_id=8 status="ExitStatus { code: 1, signal: None }"
2026-09-16T21:35:54.624202Z  INFO herdr::pane: pane session terminated pane=8 pid=15245 signal=Hangup
2026-09-16T21:35:54.635634Z  WARN herdr::app::actions: PaneDied for unknown pane pane=8
2026-09-16T21:35:57.396269Z  INFO herdr::logging: tab focused event="tab.focus" subsystem="tab" outcome="ok" workspace_id="w2" tab_id="w2:t1"
2026-09-16T21:35:57.396955Z  INFO herdr::logging: tab focused event="tab.focus" subsystem="tab" outcome="ok" workspace_id="w2" tab_id="w2:t1"
2026-09-16T21:35:59.229036Z  INFO herdr::logging: tab focused event="tab.focus" subsystem="tab" outcome="ok" workspace_id="w2" tab_id="w2:t2"
2026-09-16T21:35:59.229253Z  INFO herdr::logging: tab focused event="tab.focus" subsystem="tab" outcome="ok" workspace_id="w2" tab_id="w2:t2"
2026-09-16T21:36:01.032077Z  INFO herdr::logging: tab focused event="tab.focus" subsystem="tab" outcome="ok" workspace_id="w2" tab_id="w2:t2"
2026-09-16T21:36:01.095702Z  INFO herdr::logging: pane child exited event="pane.exit" subsystem="pane" outcome="completed" pane_id=2 status="ExitStatus { code: 1, signal: None }"
2026-09-16T21:36:01.111962Z  INFO herdr::pane: pane session terminated pane=2 pid=48443 signal=Hangup
2026-09-16T21:36:01.112953Z  WARN herdr::app::actions: PaneDied for unknown pane pane=2
2026-09-16T21:36:02.092771Z  INFO herdr::logging: workspace focused event="workspace.focus" subsystem="workspace" outcome="ok" workspace_id="w2"
2026-09-16T21:36:02.092941Z  INFO herdr::logging: tab focused event="tab.focus" subsystem="tab" outcome="ok" workspace_id="w2" tab_id="w2:t1"
2026-09-16T21:36:07.097983Z  INFO herdr::logging: session saved event="persist.save" subsystem="persist" outcome="ok" path=/Users/ali/.config/herdr/session.json workspaces=2
2026-09-16T21:36:12.759741Z  INFO herdr::server::headless: client detached client_id=4
2026-09-16T21:59:37.570873Z  INFO herdr::logging: checking for updates event="update.check.start" subsystem="update" outcome="started"
2026-09-16T21:59:38.009150Z  WARN herdr::detect::manifest_update: skipping unknown remote manifest agent agent="letta"
2026-09-16T22:29:37.543069Z  INFO herdr::logging: checking for updates event="update.check.start" subsystem="update" outcome="started"
2026-09-16T22:29:38.291202Z  WARN herdr::detect::manifest_update: skipping unknown remote manifest agent agent="letta"
2026-09-16T22:59:37.605315Z  INFO herdr::logging: checking for updates event="update.check.start" subsystem="update" outcome="started"
2026-09-16T22:59:55.655068Z  WARN herdr::logging: update check failed event="update.check.complete" subsystem="update" outcome="error" err="failed to fetch Homebrew formula JSON"
2026-09-16T22:59:55.655877Z  WARN herdr::detect::manifest_update: agent detection manifest update failed: failed to fetch https://herdr.dev/agent-detection/index.toml
2026-09-16T23:05:03.039499Z  INFO herdr::server::headless::lifecycle: server shutdown initiated
2026-09-16T23:05:03.099268Z  INFO herdr::server::headless::lifecycle: completing server shutdown
2026-09-16T23:05:03.107845Z  INFO herdr::logging: session saved event="persist.save" subsystem="persist" outcome="ok" path=/Users/ali/.config/herdr/session.json workspaces=2
2026-09-16T23:05:03.107994Z  INFO herdr::server::headless: headless server exiting
2026-09-16T23:05:03.148635Z  INFO herdr::logging: pane child exited event="pane.exit" subsystem="pane" outcome="completed" pane_id=1 status="ExitStatus { code: 1, signal: None }"
2026-09-16T23:05:03.157899Z  INFO herdr::pane: pane session terminated pane=1 pid=48442 signal=Hangup
2026-09-16T23:05:03.360640Z  INFO herdr::logging: pane child exited event="pane.exit" subsystem="pane" outcome="completed" pane_id=5 status="ExitStatus { code: 1, signal: None }"
2026-09-16T23:05:03.361958Z  INFO herdr::pane: pane session terminated pane=5 pid=48458 signal=Hangup
2026-09-16T23:05:03.366086Z  INFO herdr::logging: herdr exiting event="app.shutdown" subsystem="server" outcome="completed" pid=48439
